,wt_mean_windspd_true,wt_mean_windspd
2014-08-02 14:00:00,6.4,4.468739214307847
2014-08-02 15:00:00,5.6,4.471609999098115
2014-08-02 16:00:00,5.1,4.474480783888373
2014-08-02 17:00:00,5.4,4.477351568678666
2014-08-02 18:00:00,4.8,4.480222353468909
2014-08-02 19:00:00,5.0,4.483093138259202
2014-08-02 20:00:00,4.0,4.485963923049466
2014-08-02 21:00:00,4.0,4.488834707839727
2014-08-02 22:00:00,4.3,4.491705492630006
2014-08-02 23:00:00,3.2,4.494576277420267
2014-08-03 00:00:00,3.1,4.424780435994746
2014-08-03 01:00:00,1.6,4.427651220785014
2014-08-03 02:00:00,2.1,4.430522005575286
2014-08-03 03:00:00,1.2,4.43339279036554
2014-08-03 04:00:00,2.0,4.436263575155811
2014-08-03 05:00:00,2.1,4.43913435994609
2014-08-03 06:00:00,2.5,4.442005144736358
2014-08-03 07:00:00,2.7,4.444875929526615
2014-08-03 08:00:00,3.8,4.4477467143168905
2014-08-03 09:00:00,3.8,4.450617499107151
2014-08-03 10:00:00,3.8,4.453488283897437
2014-08-03 11:00:00,2.9,4.456359068687695
2014-08-03 12:00:00,3.4,4.459229853477984
2014-08-03 13:00:00,4.6,4.462100638268241
2014-08-03 14:00:00,5.9,4.464971423058499
2014-08-03 15:00:00,7.6,4.467842207848767
2014-08-03 16:00:00,7.8,4.470712992639035
2014-08-03 17:00:00,8.5,4.47358377742931
2014-08-03 18:00:00,8.4,4.476454562219571
2014-08-03 19:00:00,8.5,4.479325347009853
2014-08-03 20:00:00,6.7,4.482196131800107
2014-08-03 21:00:00,5.7,4.485066916590368
2014-08-03 22:00:00,6.0,4.487937701380629
2014-08-03 23:00:00,7.0,4.490808486170922
2014-08-04 00:00:00,7.6,4.447387183490823
2014-08-04 01:00:00,7.4,4.4502579682810985
2014-08-04 02:00:00,6.8,4.453128753071384
2014-08-04 03:00:00,4.6,4.455999537861638
2014-08-04 04:00:00,4.2,4.45887032265191
2014-08-04 05:00:00,4.7,4.461741107442178
2014-08-04 06:00:00,5.3,4.46461189223246
2014-08-04 07:00:00,5.9,4.467482677022714
2014-08-04 08:00:00,5.9,4.4703534618129925
2014-08-04 09:00:00,5.7,4.473224246603257
2014-08-04 10:00:00,5.9,4.476095031393532
2014-08-04 11:00:00,4.9,4.478965816183782
2014-08-04 12:00:00,5.7,4.481836600974047
2014-08-04 13:00:00,7.4,4.484707385764329
2014-08-04 14:00:00,8.1,4.48757817055459
2014-08-04 15:00:00,8.0,4.4904489553448546
2014-08-04 16:00:00,8.3,4.49331974013513
2014-08-04 17:00:00,6.8,4.496190524925394
2014-08-04 18:00:00,7.1,4.499061309715669
2014-08-04 19:00:00,8.4,4.501932094505927
2014-08-04 20:00:00,5.7,4.5048028792962125
2014-08-04 21:00:00,5.7,4.507673664086473
2014-08-04 22:00:00,4.1,4.510544448876756
2014-08-04 23:00:00,5.7,4.5134152336670095
2014-08-05 00:00:00,6.2,4.443619392241503
2014-08-05 01:00:00,5.9,4.446490177031761
2014-08-05 02:00:00,5.7,4.449360961822029
2014-08-05 03:00:00,5.3,4.45223174661229
2014-08-05 04:00:00,5.3,4.455102531402558
2014-08-05 05:00:00,3.9,4.457973316192843
2014-08-05 06:00:00,3.3,4.460844100983094
2014-08-05 07:00:00,5.6,4.463714885773369
2014-08-05 08:00:00,5.7,4.466585670563637
2014-08-05 09:00:00,6.1,4.4694564553539085
2014-08-05 10:00:00,6.6,4.4723272401441765
2014-08-05 11:00:00,6.1,4.475198024934441
2014-08-05 12:00:00,6.3,4.478068809724702
2014-08-05 13:00:00,6.5,4.480939594514977
2014-08-05 14:00:00,7.7,4.483810379305238
2014-08-05 15:00:00,8.4,4.486681164095513
2014-08-05 16:00:00,8.8,4.489551948885774
2014-08-05 17:00:00,8.2,4.492422733676056
2014-08-05 18:00:00,7.0,4.495293518466317
2014-08-05 19:00:00,8.0,4.498164303256599
2014-08-05 20:00:00,8.0,4.501035088046853
2014-08-05 21:00:00,7.4,4.5039058728371355
2014-08-05 22:00:00,6.3,4.506776657627389
2014-08-05 23:00:00,5.4,4.509647442417654
2014-08-06 00:00:00,6.2,4.439851600992144
2014-08-06 01:00:00,6.4,4.442722385782416
2014-08-06 02:00:00,6.9,4.44559317057268
2014-08-06 03:00:00,5.8,4.448463955362948
2014-08-06 04:00:00,5.5,4.45133474015322
2014-08-06 05:00:00,5.9,4.454205524943495
2014-08-06 06:00:00,5.1,4.457076309733752
2014-08-06 07:00:00,7.1,4.459947094524024
2014-08-06 08:00:00,6.1,4.462817879314281
2014-08-06 09:00:00,6.2,4.465688664104553
2014-08-06 10:00:00,6.0,4.468559448894835
2014-08-06 11:00:00,5.5,4.471430233685089
2014-08-06 12:00:00,6.1,4.47430101847536
2014-08-06 13:00:00,5.8,4.477171803265632
2014-08-06 14:00:00,7.6,4.4800425880559
2014-08-06 15:00:00,8.9,4.482913372846175
2014-08-06 16:00:00,9.5,4.485784157636436
2014-08-06 17:00:00,8.9,4.488654942426708
2014-08-06 18:00:00,7.0,4.491525727216972
2014-08-06 19:00:00,6.7,4.49439651200724
2014-08-06 20:00:00,7.9,4.4972672967975225
2014-08-06 21:00:00,7.6,4.500138081587776
2014-08-06 22:00:00,7.7,4.503008866378055
2014-08-06 23:00:00,6.2,4.505879651168312
2014-08-07 00:00:00,7.2,4.436083809742792
2014-08-07 01:00:00,5.8,4.438954594533056
2014-08-07 02:00:00,5.5,4.441825379323324
2014-08-07 03:00:00,4.8,4.4446961641136
2014-08-07 04:00:00,5.1,4.447566948903857
2014-08-07 05:00:00,4.8,4.450437733694136
2014-08-07 06:00:00,5.5,4.453308518484407
2014-08-07 07:00:00,5.4,4.456179303274661
2014-08-07 08:00:00,4.7,4.459050088064936
2014-08-07 09:00:00,5.5,4.461920872855204
2014-08-07 10:00:00,5.2,4.464791657645476
2014-08-07 11:00:00,5.3,4.467662442435751
2014-08-07 12:00:00,5.3,4.470533227226012
2014-08-07 13:00:00,6.1,4.473404012016287
2014-08-07 14:00:00,5.7,4.476274796806555
2014-08-07 15:00:00,6.7,4.479145581596823
2014-08-07 16:00:00,6.5,4.482016366387091
2014-08-07 17:00:00,8.1,4.484887151177352
2014-08-07 18:00:00,8.0,4.487757935967631
2014-08-07 19:00:00,7.8,4.490628720757902
2014-08-07 20:00:00,6.3,4.493499505548153
2014-08-07 21:00:00,4.3,4.496370290338421
2014-08-07 22:00:00,4.1,4.499241075128689
2014-08-07 23:00:00,3.7,4.50211185991896
2014-08-08 00:00:00,4.9,4.4323160184934505
2014-08-08 01:00:00,5.9,4.435186803283711
2014-08-08 02:00:00,4.5,4.4380575880739865
2014-08-08 03:00:00,3.8,4.440928372864237
2014-08-08 04:00:00,4.7,4.443799157654512
2014-08-08 05:00:00,2.9,4.446669942444794
2014-08-08 06:00:00,2.5,4.449540727235069
2014-08-08 07:00:00,1.8,4.452411512025341
2014-08-08 08:00:00,1.2,4.455282296815591
2014-08-08 09:00:00,2.7,4.45815308160587
2014-08-08 10:00:00,2.3,4.461023866396117
2014-08-08 11:00:00,3.4,4.463894651186402
2014-08-08 12:00:00,5.0,4.466765435976681
2014-08-08 13:00:00,5.2,4.4696362207669385
2014-08-08 14:00:00,5.7,4.472507005557203
2014-08-08 15:00:00,5.3,4.475377790347471
2014-08-08 16:00:00,5.7,4.478248575137735
2014-08-08 17:00:00,6.5,4.481119359928
2014-08-08 18:00:00,5.4,4.483990144718275
2014-08-08 19:00:00,4.6,4.486860929508554
2014-08-08 20:00:00,4.3,4.489731714298808
2014-08-08 21:00:00,4.7,4.492602499089083
2014-08-08 22:00:00,4.2,4.495473283879344
2014-08-08 23:00:00,3.1,4.498344068669619
2014-08-09 00:00:00,2.6,4.428548227244088
2014-08-09 01:00:00,2.8,4.431419012034359
2014-08-09 02:00:00,2.5,4.434289796824634
2014-08-09 03:00:00,0.9,4.437160581614913
2014-08-09 04:00:00,0.4,4.440031366405174
2014-08-09 05:00:00,1.5,4.4429021511954385
2014-08-09 06:00:00,0.9,4.4457729359857066
2014-08-09 07:00:00,0.4,4.448643720775971
2014-08-09 08:00:00,1.4,4.451514505566243
2014-08-09 09:00:00,3.0,4.454385290356511
2014-08-09 10:00:00,3.4,4.457256075146757
2014-08-09 11:00:00,4.5,4.460126859937054
2014-08-09 12:00:00,4.1,4.462997644727329
2014-08-09 13:00:00,4.1,4.465868429517579
2014-08-09 14:00:00,5.7,4.468739214307858
2014-08-09 15:00:00,5.8,4.471609999098115
2014-08-09 16:00:00,6.0,4.47448078388838
2014-08-09 17:00:00,5.3,4.477351568678651
2014-08-09 18:00:00,5.0,4.480222353468923
2014-08-09 19:00:00,4.9,4.483093138259198
2014-08-09 20:00:00,3.3,4.485963923049477
2014-08-09 21:00:00,2.6,4.488834707839741
2014-08-09 22:00:00,1.6,4.491705492629999
2014-08-09 23:00:00,2.3,4.49457627742026
2014-08-10 00:00:00,2.1,4.424780435994725
2014-08-10 01:00:00,2.3,4.427651220784986
2014-08-10 02:00:00,1.8,4.430522005575289
2014-08-10 03:00:00,2.8,4.43339279036554
2014-08-10 04:00:00,2.9,4.436263575155811
2014-08-10 05:00:00,2.4,4.43913435994609
2014-08-10 06:00:00,1.0,4.442005144736344
2014-08-10 07:00:00,0.7,4.444875929526615
2014-08-10 08:00:00,1.6,4.4477467143168905
2014-08-10 09:00:00,2.2,4.450617499107151
2014-08-10 10:00:00,4.4,4.453488283897434
2014-08-10 11:00:00,5.1,4.456359068687695
2014-08-10 12:00:00,5.5,4.4592298534779555
2014-08-10 13:00:00,6.5,4.462100638268227
2014-08-10 14:00:00,6.4,4.464971423058499
2014-08-10 15:00:00,6.1,4.467842207848767
2014-08-10 16:00:00,5.7,4.4707129926390206
2014-08-10 17:00:00,4.1,4.47358377742931
2014-08-10 18:00:00,3.9,4.476454562219567
2014-08-10 19:00:00,4.9,4.479325347009853
2014-08-10 20:00:00,3.2,4.482196131800121
2014-08-10 21:00:00,2.8,4.485066916590368
2014-08-10 22:00:00,2.3,4.487937701380636
2014-08-10 23:00:00,1.5,4.490808486170922
2014-08-11 00:00:00,3.3,4.447387183490838
2014-08-11 01:00:00,3.6,4.4502579682810985
2014-08-11 02:00:00,4.7,4.453128753071384
2014-08-11 03:00:00,3.8,4.455999537861642
2014-08-11 04:00:00,4.6,4.458870322651913
2014-08-11 05:00:00,4.4,4.461741107442178
2014-08-11 06:00:00,5.1,4.464611892232453
2014-08-11 07:00:00,4.8,4.467482677022728
2014-08-11 08:00:00,4.4,4.470353461812989
2014-08-11 09:00:00,4.9,4.473224246603236
2014-08-11 10:00:00,4.8,4.476095031393532
2014-08-11 11:00:00,5.5,4.478965816183772
2014-08-11 12:00:00,7.5,4.481836600974065
2014-08-11 13:00:00,8.2,4.484707385764329
2014-08-11 14:00:00,6.5,4.48757817055459
2014-08-11 15:00:00,6.8,4.490448955344865
2014-08-11 16:00:00,8.7,4.493319740135126
2014-08-11 17:00:00,8.7,4.496190524925408
2014-08-11 18:00:00,7.9,4.4990613097156835
2014-08-11 19:00:00,8.0,4.5019320945059444
2014-08-11 20:00:00,8.2,4.504802879296216
2014-08-11 21:00:00,9.1,4.507673664086488
2014-08-11 22:00:00,8.3,4.510544448876756
2014-08-11 23:00:00,10.1,4.5134152336670095
2014-08-12 00:00:00,6.6,4.443619392241489
2014-08-12 01:00:00,6.3,4.4464901770317535
2014-08-12 02:00:00,9.4,4.449360961822029
2014-08-12 03:00:00,6.1,4.452231746612297
2014-08-12 04:00:00,9.6,4.4551025314025505
2014-08-12 05:00:00,8.5,4.457973316192826
2014-08-12 06:00:00,7.9,4.460844100983094
2014-08-12 07:00:00,8.5,4.463714885773369
2014-08-12 08:00:00,7.5,4.466585670563637
2014-08-12 09:00:00,7.6,4.469456455353905
2014-08-12 10:00:00,5.2,4.4723272401441765
2014-08-12 11:00:00,6.1,4.475198024934437
2014-08-12 12:00:00,6.6,4.4780688097247126
2014-08-12 13:00:00,5.4,4.480939594514977
2014-08-12 14:00:00,6.3,4.483810379305256
2014-08-12 15:00:00,5.8,4.486681164095513
2014-08-12 16:00:00,5.8,4.489551948885781
2014-08-12 17:00:00,6.1,4.492422733676053
2014-08-12 18:00:00,5.4,4.495293518466303
2014-08-12 19:00:00,5.6,4.498164303256585
2014-08-12 20:00:00,4.5,4.50103508804686
2014-08-12 21:00:00,4.1,4.503905872837121
2014-08-12 22:00:00,3.9,4.506776657627389
2014-08-12 23:00:00,3.4,4.509647442417654
2014-08-13 00:00:00,4.0,4.43985160099213
2014-08-13 01:00:00,5.6,4.442722385782412
2014-08-13 02:00:00,7.3,4.4455931705726766
2014-08-13 03:00:00,8.7,4.4484639553629375
2014-08-13 04:00:00,7.9,4.451334740153213
2014-08-13 05:00:00,7.5,4.454205524943488
2014-08-13 06:00:00,6.9,4.457076309733759
2014-08-13 07:00:00,6.9,4.45994709452402
2014-08-13 08:00:00,8.9,4.462817879314281
2014-08-13 09:00:00,9.3,4.46568866410456
2014-08-13 10:00:00,9.0,4.468559448894828
2014-08-13 11:00:00,9.4,4.471430233685089
2014-08-13 12:00:00,9.1,4.474301018475364
2014-08-13 13:00:00,9.3,4.477171803265621
2014-08-13 14:00:00,10.7,4.4800425880559
2014-08-13 15:00:00,10.7,4.482913372846175
2014-08-13 16:00:00,7.8,4.485784157636436
2014-08-13 17:00:00,9.1,4.488654942426718
2014-08-13 18:00:00,10.1,4.491525727216972
2014-08-13 19:00:00,8.1,4.494396512007244
2014-08-13 20:00:00,8.1,4.497267296797508
2014-08-13 21:00:00,6.1,4.50013808158778
2014-08-13 22:00:00,5.9,4.503008866378044
2014-08-13 23:00:00,8.0,4.505879651168312
2014-08-14 00:00:00,7.6,4.436083809742792
2014-08-14 01:00:00,10.0,4.438954594533056
2014-08-14 02:00:00,8.3,4.4418253793233315
2014-08-14 03:00:00,6.7,4.4446961641135925
2014-08-14 04:00:00,6.3,4.4475669489038605
2014-08-14 05:00:00,2.5,4.450437733694136
2014-08-14 06:00:00,3.8,4.4533085184843895
2014-08-14 07:00:00,3.6,4.4561793032746575
2014-08-14 08:00:00,5.9,4.459050088064936
2014-08-14 09:00:00,7.6,4.461920872855201
2014-08-14 10:00:00,7.3,4.464791657645469
2014-08-14 11:00:00,6.7,4.467662442435751
2014-08-14 12:00:00,6.6,4.470533227226012
2014-08-14 13:00:00,7.9,4.47340401201628
2014-08-14 14:00:00,8.7,4.476274796806555
2014-08-14 15:00:00,9.6,4.479145581596823
2014-08-14 16:00:00,10.0,4.482016366387091
2014-08-14 17:00:00,8.5,4.484887151177338
2014-08-14 18:00:00,10.1,4.4877579359676165
2014-08-14 19:00:00,9.5,4.4906287207578846
2014-08-14 20:00:00,7.0,4.493499505548153
2014-08-14 21:00:00,6.5,4.496370290338417
2014-08-14 22:00:00,6.9,4.499241075128689
2014-08-14 23:00:00,5.8,4.50211185991896
2014-08-15 00:00:00,7.8,4.432316018493443
2014-08-15 01:00:00,5.5,4.435186803283711
2014-08-15 02:00:00,4.2,4.4380575880739865
2014-08-15 03:00:00,3.2,4.440928372864237
2014-08-15 04:00:00,4.5,4.443799157654512
2014-08-15 05:00:00,4.1,4.446669942444794
2014-08-15 06:00:00,5.9,4.449540727235069
2014-08-15 07:00:00,4.4,4.45241151202532
2014-08-15 08:00:00,4.5,4.455282296815584
2014-08-15 09:00:00,5.5,4.45815308160587
2014-08-15 10:00:00,6.9,4.46102386639612
2014-08-15 11:00:00,8.7,4.463894651186392
2014-08-15 12:00:00,7.7,4.466765435976674
2014-08-15 13:00:00,7.7,4.469636220766935
2014-08-15 14:00:00,7.7,4.472507005557199
2014-08-15 15:00:00,9.2,4.475377790347457
2014-08-15 16:00:00,8.7,4.478248575137735
2014-08-15 17:00:00,8.9,4.481119359928011
2014-08-15 18:00:00,7.6,4.4839901447182715
2014-08-15 19:00:00,9.3,4.48686092950855
2014-08-15 20:00:00,8.8,4.489731714298822
2014-08-15 21:00:00,8.8,4.492602499089079
2014-08-15 22:00:00,6.8,4.495473283879358
2014-08-15 23:00:00,8.0,4.498344068669622
2014-08-16 00:00:00,6.9,4.428548227244091
2014-08-16 01:00:00,9.0,4.431419012034366
2014-08-16 02:00:00,11.9,4.4342897968246415
2014-08-16 03:00:00,9.6,4.437160581614885
2014-08-16 04:00:00,2.8,4.4400313664051705
2014-08-16 05:00:00,6.0,4.4429021511954385
2014-08-16 06:00:00,4.3,4.445772935985721
2014-08-16 07:00:00,6.6,4.448643720775982
2014-08-16 08:00:00,6.2,4.451514505566243
2014-08-16 09:00:00,3.4,4.454385290356511
2014-08-16 10:00:00,3.4,4.457256075146757
2014-08-16 11:00:00,1.8,4.460126859937054
2014-08-16 12:00:00,1.4,4.462997644727329
2014-08-16 13:00:00,1.3,4.465868429517579
2014-08-16 14:00:00,3.9,4.468739214307872
2014-08-16 15:00:00,5.3,4.4716099990981295
2014-08-16 16:00:00,5.9,4.47448078388838
2014-08-16 17:00:00,6.4,4.477351568678651
2014-08-16 18:00:00,5.4,4.480222353468923
2014-08-16 19:00:00,5.8,4.483093138259202
2014-08-16 20:00:00,5.6,4.485963923049477
2014-08-16 21:00:00,6.3,4.488834707839731
2014-08-16 22:00:00,4.6,4.491705492629988
2014-08-16 23:00:00,4.5,4.49457627742027
2014-08-17 00:00:00,3.8,4.424780435994753
2014-08-17 01:00:00,3.7,4.427651220784993
2014-08-17 02:00:00,3.6,4.430522005575289
2014-08-17 03:00:00,2.7,4.433392790365543
2014-08-17 04:00:00,2.6,4.436263575155811
2014-08-17 05:00:00,2.6,4.43913435994609
2014-08-17 06:00:00,1.5,4.442005144736358
2014-08-17 07:00:00,2.0,4.444875929526615
2014-08-17 08:00:00,1.7,4.4477467143168905
2014-08-17 09:00:00,0.7,4.450617499107144
2014-08-17 10:00:00,1.9,4.453488283897437
2014-08-17 11:00:00,4.1,4.4563590686876875
2014-08-17 12:00:00,5.2,4.45922985347797
2014-08-17 13:00:00,6.7,4.462100638268241
2014-08-17 14:00:00,5.3,4.4649714230584845
2014-08-17 15:00:00,3.7,4.467842207848767
2014-08-17 16:00:00,4.2,4.470712992639035
2014-08-17 17:00:00,5.2,4.47358377742931
2014-08-17 18:00:00,4.1,4.476454562219571
2014-08-17 19:00:00,3.2,4.479325347009846
2014-08-17 20:00:00,3.6,4.482196131800114
2014-08-17 21:00:00,2.2,4.485066916590382
2014-08-17 22:00:00,4.5,4.487937701380643
2014-08-17 23:00:00,2.0,4.490808486170922
2014-08-18 00:00:00,1.4,4.4473871834908305
2014-08-18 01:00:00,2.8,4.450257968281102
2014-08-18 02:00:00,3.1,4.453128753071381
2014-08-18 03:00:00,2.9,4.455999537861638
2014-08-18 04:00:00,1.8,4.458870322651903
2014-08-18 05:00:00,3.6,4.461741107442171
2014-08-18 06:00:00,3.3,4.464611892232439
2014-08-18 07:00:00,1.9,4.467482677022703
2014-08-18 08:00:00,1.4,4.4703534618129925
2014-08-18 09:00:00,0.6,4.47322424660325
2014-08-18 10:00:00,2.1,4.476095031393511
2014-08-18 11:00:00,2.9,4.4789658161838
2014-08-18 12:00:00,3.5,4.481836600974068
2014-08-18 13:00:00,4.7,4.484707385764329
2014-08-18 14:00:00,4.6,4.48757817055459
2014-08-18 15:00:00,5.3,4.490448955344858
2014-08-18 16:00:00,6.1,4.493319740135126
2014-08-18 17:00:00,6.4,4.496190524925408
2014-08-18 18:00:00,6.4,4.499061309715676
2014-08-18 19:00:00,5.8,4.501932094505948
2014-08-18 20:00:00,6.0,4.504802879296198
2014-08-18 21:00:00,5.5,4.5076736640864805
2014-08-18 22:00:00,3.7,4.510544448876756
2014-08-18 23:00:00,5.1,4.513415233667013
2014-08-19 00:00:00,5.2,4.443619392241489
2014-08-19 01:00:00,5.3,4.4464901770317535
2014-08-19 02:00:00,4.3,4.449360961822029
2014-08-19 03:00:00,3.8,4.452231746612293
2014-08-19 04:00:00,2.6,4.455102531402565
2014-08-19 05:00:00,2.9,4.457973316192833
2014-08-19 06:00:00,3.3,4.460844100983094
2014-08-19 07:00:00,3.9,4.463714885773369
2014-08-19 08:00:00,3.0,4.466585670563637
2014-08-19 09:00:00,2.2,4.4694564553539085
2014-08-19 10:00:00,1.9,4.4723272401441765
2014-08-19 11:00:00,2.1,4.475198024934455
2014-08-19 12:00:00,4.9,4.478068809724702
2014-08-19 13:00:00,4.7,4.480939594514977
2014-08-19 14:00:00,4.8,4.483810379305252
2014-08-19 15:00:00,5.6,4.486681164095499
2014-08-19 16:00:00,7.1,4.489551948885781
2014-08-19 17:00:00,5.3,4.492422733676028
2014-08-19 18:00:00,4.4,4.495293518466328
2014-08-19 19:00:00,3.9,4.498164303256585
2014-08-19 20:00:00,5.5,4.50103508804686
2014-08-19 21:00:00,5.2,4.5039058728371355
2014-08-19 22:00:00,0.3,4.506776657627389
2014-08-19 23:00:00,2.5,4.509647442417647
2014-08-20 00:00:00,0.6,4.439851600992144
2014-08-20 01:00:00,2.5,4.442722385782416
2014-08-20 02:00:00,3.6,4.4455931705726766
2014-08-20 03:00:00,1.0,4.4484639553629375
2014-08-20 04:00:00,0.3,4.451334740153213
2014-08-20 05:00:00,1.2,4.454205524943481
2014-08-20 06:00:00,3.4,4.457076309733742
2014-08-20 07:00:00,2.6,4.4599470945240345
2014-08-20 08:00:00,1.9,4.4628178793142705
2014-08-20 09:00:00,2.0,4.465688664104553
2014-08-20 10:00:00,1.8,4.46855944889481
2014-08-20 11:00:00,3.6,4.471430233685096
2014-08-20 12:00:00,4.7,4.474301018475357
2014-08-20 13:00:00,4.2,4.477171803265632
2014-08-20 14:00:00,4.1,4.480042588055893
2014-08-20 15:00:00,4.4,4.482913372846175
2014-08-20 16:00:00,5.3,4.485784157636436
2014-08-20 17:00:00,4.6,4.488654942426718
2014-08-20 18:00:00,4.4,4.491525727216972
2014-08-20 19:00:00,5.3,4.49439651200724
2014-08-20 20:00:00,5.0,4.497267296797508
2014-08-20 21:00:00,2.4,4.50013808158778
2014-08-20 22:00:00,2.7,4.503008866378048
2014-08-20 23:00:00,2.3,4.505879651168309
2014-08-21 00:00:00,0.4,4.436083809742785
2014-08-21 01:00:00,0.9,4.438954594533071
2014-08-21 02:00:00,1.3,4.441825379323324
2014-08-21 03:00:00,0.5,4.4446961641135925
2014-08-21 04:00:00,0.4,4.447566948903871
2014-08-21 05:00:00,2.0,4.450437733694136
2014-08-21 06:00:00,3.4,4.453308518484404
2014-08-21 07:00:00,2.2,4.456179303274665
2014-08-21 08:00:00,1.1,4.459050088064947
2014-08-21 09:00:00,2.0,4.461920872855204
2014-08-21 10:00:00,2.4,4.464791657645476
2014-08-21 11:00:00,3.3,4.467662442435751
2014-08-21 12:00:00,3.9,4.470533227226012
2014-08-21 13:00:00,4.9,4.473404012016287
2014-08-21 14:00:00,5.9,4.476274796806544
2014-08-21 15:00:00,6.1,4.4791455815968195
2014-08-21 16:00:00,6.5,4.482016366387088
2014-08-21 17:00:00,6.5,4.484887151177366
2014-08-21 18:00:00,6.7,4.487757935967627
2014-08-21 19:00:00,4.3,4.490628720757895
2014-08-21 20:00:00,3.5,4.493499505548149
2014-08-21 21:00:00,3.4,4.496370290338417
2014-08-21 22:00:00,4.2,4.499241075128696
2014-08-21 23:00:00,3.8,4.502111859918957
2014-08-22 00:00:00,3.4,4.432316018493443
2014-08-22 01:00:00,3.4,4.4351868032837185
2014-08-22 02:00:00,2.9,4.43805758807399
2014-08-22 03:00:00,3.6,4.440928372864251
2014-08-22 04:00:00,2.9,4.443799157654512
2014-08-22 05:00:00,2.9,4.446669942444812
2014-08-22 06:00:00,3.2,4.449540727235055
2014-08-22 07:00:00,3.1,4.45241151202532
2014-08-22 08:00:00,2.8,4.455282296815588
2014-08-22 09:00:00,2.2,4.458153081605856
2014-08-22 10:00:00,4.2,4.46102386639612
2014-08-22 11:00:00,3.9,4.463894651186392
2014-08-22 12:00:00,3.7,4.466765435976674
2014-08-22 13:00:00,4.5,4.469636220766931
2014-08-22 14:00:00,5.8,4.472507005557214
2014-08-22 15:00:00,6.1,4.475377790347457
2014-08-22 16:00:00,6.9,4.478248575137735
2014-08-22 17:00:00,6.0,4.481119359928011
2014-08-22 18:00:00,6.4,4.4839901447182715
2014-08-22 19:00:00,6.9,4.48686092950855
2014-08-22 20:00:00,7.2,4.489731714298808
2014-08-22 21:00:00,7.3,4.492602499089097
2014-08-22 22:00:00,4.6,4.495473283879358
2014-08-22 23:00:00,3.6,4.498344068669605
2014-08-23 00:00:00,3.2,4.428548227244095
2014-08-23 01:00:00,3.3,4.431419012034366
2014-08-23 02:00:00,3.3,4.4342897968246415
2014-08-23 03:00:00,3.4,4.4371605816149025
2014-08-23 04:00:00,3.0,4.440031366405174
2014-08-23 05:00:00,2.8,4.4429021511954385
2014-08-23 06:00:00,3.0,4.445772935985721
2014-08-23 07:00:00,3.7,4.448643720775985
2014-08-23 08:00:00,3.7,4.451514505566239
2014-08-23 09:00:00,4.3,4.454385290356518
2014-08-23 10:00:00,2.5,4.457256075146775
2014-08-23 11:00:00,1.8,4.460126859937054
2014-08-23 12:00:00,2.3,4.462997644727336
2014-08-23 13:00:00,4.9,4.465868429517579
2014-08-23 14:00:00,3.9,4.468739214307858
2014-08-23 15:00:00,5.8,4.471609999098115
2014-08-23 16:00:00,5.6,4.474480783888394
2014-08-23 17:00:00,5.3,4.477351568678641
2014-08-23 18:00:00,6.5,4.480222353468923
2014-08-23 19:00:00,6.8,4.483093138259177
2014-08-23 20:00:00,6.0,4.4859639230494555
2014-08-23 21:00:00,6.8,4.488834707839727
2014-08-23 22:00:00,5.7,4.491705492629999
2014-08-23 23:00:00,5.5,4.494576277420267
2014-08-24 00:00:00,5.5,4.424780435994746
2014-08-24 01:00:00,5.0,4.427651220785014
2014-08-24 02:00:00,5.5,4.430522005575289
2014-08-24 03:00:00,6.8,4.433392790365547
2014-08-24 04:00:00,5.7,4.436263575155811
2014-08-24 05:00:00,5.4,4.439134359946079
2014-08-24 06:00:00,4.4,4.442005144736358
2014-08-24 07:00:00,3.0,4.444875929526615
2014-08-24 08:00:00,4.3,4.447746714316894
2014-08-24 09:00:00,3.5,4.450617499107151
2014-08-24 10:00:00,2.9,4.453488283897412
2014-08-24 11:00:00,2.1,4.456359068687698
2014-08-24 12:00:00,1.0,4.4592298534779555
2014-08-24 13:00:00,0.9,4.462100638268231
2014-08-24 14:00:00,1.4,4.464971423058495
2014-08-24 15:00:00,3.7,4.467842207848767
2014-08-24 16:00:00,5.2,4.470712992639035
2014-08-24 17:00:00,5.6,4.473583777429296
2014-08-24 18:00:00,5.1,4.476454562219571
2014-08-24 19:00:00,6.9,4.479325347009846
2014-08-24 20:00:00,7.6,4.482196131800114
2014-08-24 21:00:00,6.0,4.485066916590382
2014-08-24 22:00:00,6.4,4.487937701380643
2014-08-24 23:00:00,6.9,4.490808486170932
2014-08-25 00:00:00,5.5,4.447387183490834
2014-08-25 01:00:00,4.8,4.450257968281102
2014-08-25 02:00:00,5.2,4.4531287530713595
2014-08-25 03:00:00,5.0,4.4559995378616275
2014-08-25 04:00:00,4.5,4.458870322651913
2014-08-25 05:00:00,5.0,4.46174110744216
2014-08-25 06:00:00,2.7,4.464611892232439
2014-08-25 07:00:00,3.8,4.467482677022714
2014-08-25 08:00:00,4.7,4.470353461812989
2014-08-25 09:00:00,4.7,4.473224246603243
2014-08-25 10:00:00,4.7,4.476095031393532
2014-08-25 11:00:00,2.9,4.4789658161838
2014-08-25 12:00:00,0.9,4.481836600974058
2014-08-25 13:00:00,1.5,4.484707385764329
2014-08-25 14:00:00,2.8,4.48757817055459
2014-08-25 15:00:00,6.9,4.490448955344858
2014-08-25 16:00:00,7.8,4.493319740135126
2014-08-25 17:00:00,8.1,4.496190524925408
2014-08-25 18:00:00,5.9,4.4990613097156835
2014-08-25 19:00:00,6.2,4.5019320945059444
2014-08-25 20:00:00,6.3,4.504802879296198
2014-08-25 21:00:00,5.0,4.507673664086488
2014-08-25 22:00:00,5.4,4.510544448876756
2014-08-25 23:00:00,4.3,4.513415233667002
2014-08-26 00:00:00,4.8,4.443619392241489
2014-08-26 01:00:00,4.1,4.446490177031761
2014-08-26 02:00:00,4.0,4.449360961822029
2014-08-26 03:00:00,3.9,4.452231746612297
2014-08-26 04:00:00,3.5,4.455102531402543
2014-08-26 05:00:00,2.6,4.457973316192826
2014-08-26 06:00:00,3.6,4.460844100983101
2014-08-26 07:00:00,3.4,4.463714885773355
2014-08-26 08:00:00,3.7,4.46658567056364
2014-08-26 09:00:00,3.7,4.4694564553539085
2014-08-26 10:00:00,4.6,4.4723272401441765
2014-08-26 11:00:00,5.2,4.475198024934448
2014-08-26 12:00:00,5.5,4.478068809724702
2014-08-26 13:00:00,6.0,4.48093959451497
2014-08-26 14:00:00,4.6,4.483810379305245
2014-08-26 15:00:00,5.5,4.486681164095499
2014-08-26 16:00:00,6.0,4.489551948885795
2014-08-26 17:00:00,6.9,4.492422733676046
2014-08-26 18:00:00,6.0,4.495293518466328
2014-08-26 19:00:00,5.9,4.498164303256585
2014-08-26 20:00:00,6.5,4.50103508804686
2014-08-26 21:00:00,6.9,4.503905872837121
2014-08-26 22:00:00,6.5,4.506776657627389
2014-08-26 23:00:00,4.9,4.509647442417647
2014-08-27 00:00:00,3.9,4.439851600992144
2014-08-27 01:00:00,4.1,4.442722385782416
2014-08-27 02:00:00,4.3,4.44559317057268
2014-08-27 03:00:00,4.0,4.448463955362962
2014-08-27 04:00:00,3.5,4.451334740153213
2014-08-27 05:00:00,4.3,4.454205524943488
2014-08-27 06:00:00,5.5,4.457076309733738
2014-08-27 07:00:00,5.5,4.459947094524024
2014-08-27 08:00:00,5.3,4.462817879314295
2014-08-27 09:00:00,5.3,4.465688664104553
2014-08-27 10:00:00,4.7,4.468559448894835
2014-08-27 11:00:00,3.9,4.471430233685096
2014-08-27 12:00:00,3.5,4.474301018475364
2014-08-27 13:00:00,5.2,4.477171803265621
2014-08-27 14:00:00,5.8,4.4800425880559
2014-08-27 15:00:00,7.0,4.482913372846175
2014-08-27 16:00:00,7.0,4.485784157636436
2014-08-27 17:00:00,8.2,4.488654942426718
2014-08-27 18:00:00,6.8,4.491525727216969
2014-08-27 19:00:00,7.0,4.494396512007251
2014-08-27 20:00:00,7.2,4.4972672967975225
2014-08-27 21:00:00,6.6,4.50013808158778
2014-08-27 22:00:00,5.3,4.503008866378044
2014-08-27 23:00:00,4.8,4.505879651168312
2014-08-28 00:00:00,4.9,4.436083809742788
2014-08-28 01:00:00,4.9,4.438954594533056
2014-08-28 02:00:00,4.0,4.441825379323324
2014-08-28 03:00:00,2.0,4.4446961641135925
2014-08-28 04:00:00,3.0,4.4475669489038605
2014-08-28 05:00:00,2.9,4.450437733694139
2014-08-28 06:00:00,3.7,4.4533085184844
2014-08-28 07:00:00,3.7,4.456179303274665
2014-08-28 08:00:00,3.4,4.459050088064933
2014-08-28 09:00:00,3.8,4.461920872855204
2014-08-28 10:00:00,4.3,4.464791657645469
2014-08-28 11:00:00,3.5,4.467662442435744
2014-08-28 12:00:00,3.0,4.470533227226012
2014-08-28 13:00:00,3.7,4.47340401201628
2014-08-28 14:00:00,5.3,4.476274796806544
2014-08-28 15:00:00,6.5,4.479145581596823
2014-08-28 16:00:00,6.3,4.482016366387091
2014-08-28 17:00:00,6.3,4.484887151177359
2014-08-28 18:00:00,6.5,4.487757935967627
2014-08-28 19:00:00,7.0,4.490628720757895
2014-08-28 20:00:00,4.8,4.493499505548156
2014-08-28 21:00:00,4.2,4.496370290338424
2014-08-28 22:00:00,4.3,4.499241075128685
2014-08-28 23:00:00,4.6,4.502111859918967
2014-08-29 00:00:00,5.4,4.4323160184934505
2014-08-29 01:00:00,5.5,4.4351868032837185
2014-08-29 02:00:00,4.8,4.438057588073972
2014-08-29 03:00:00,3.6,4.440928372864258
2014-08-29 04:00:00,4.6,4.443799157654512
2014-08-29 05:00:00,4.7,4.446669942444794
2014-08-29 06:00:00,4.0,4.449540727235052
2014-08-29 07:00:00,5.1,4.45241151202532
2014-08-29 08:00:00,4.4,4.4552822968155805
2014-08-29 09:00:00,5.3,4.458153081605852
2014-08-29 10:00:00,5.6,4.461023866396124
2014-08-29 11:00:00,6.3,4.463894651186392
2014-08-29 12:00:00,6.4,4.466765435976674
2014-08-29 13:00:00,7.2,4.469636220766942
2014-08-29 14:00:00,7.7,4.472507005557214
2014-08-29 15:00:00,7.7,4.475377790347471
2014-08-29 16:00:00,6.7,4.478248575137746
2014-08-29 17:00:00,6.1,4.481119359928014
2014-08-29 18:00:00,6.2,4.4839901447182715
2014-08-29 19:00:00,7.1,4.48686092950855
2014-08-29 20:00:00,8.4,4.489731714298808
2014-08-29 21:00:00,9.2,4.492602499089079
2014-08-29 22:00:00,6.9,4.495473283879344
2014-08-29 23:00:00,6.5,4.498344068669608
2014-08-30 00:00:00,3.9,4.428548227244091
2014-08-30 01:00:00,3.6,4.431419012034359
2014-08-30 02:00:00,3.8,4.43428979682462
2014-08-30 03:00:00,4.6,4.437160581614913
2014-08-30 04:00:00,4.9,4.440031366405174
2014-08-30 05:00:00,3.5,4.4429021511954385
2014-08-30 06:00:00,3.4,4.445772935985714
2014-08-30 07:00:00,4.5,4.448643720775982
2014-08-30 08:00:00,4.1,4.451514505566239
2014-08-30 09:00:00,4.0,4.454385290356518
2014-08-30 10:00:00,3.8,4.457256075146772
2014-08-30 11:00:00,4.1,4.460126859937054
2014-08-30 12:00:00,5.4,4.462997644727315
2014-08-30 13:00:00,4.9,4.465868429517579
2014-08-30 14:00:00,4.7,4.468739214307851
2014-08-30 15:00:00,4.7,4.471609999098133
2014-08-30 16:00:00,5.9,4.474480783888394
2014-08-30 17:00:00,5.3,4.477351568678666
2014-08-30 18:00:00,5.9,4.480222353468923
2014-08-30 19:00:00,4.6,4.483093138259177
2014-08-30 20:00:00,3.3,4.485963923049477
2014-08-30 21:00:00,3.5,4.488834707839738
2014-08-30 22:00:00,3.5,4.491705492629999
2014-08-30 23:00:00,4.1,4.494576277420274
2014-08-31 00:00:00,1.5,4.424780435994725
2014-08-31 01:00:00,1.0,4.427651220785
2014-08-31 02:00:00,1.3,4.430522005575286
2014-08-31 03:00:00,0.5,4.433392790365543
2014-08-31 04:00:00,1.6,4.436263575155811
2014-08-31 05:00:00,1.0,4.439134359946072
2014-08-31 06:00:00,0.4,4.442005144736333
2014-08-31 07:00:00,0.2,4.444875929526626
2014-08-31 08:00:00,0.1,4.447746714316887
2014-08-31 09:00:00,0.3,4.450617499107148
2014-08-31 10:00:00,1.3,4.453488283897412
2014-08-31 11:00:00,2.0,4.456359068687695
2014-08-31 12:00:00,3.0,4.459229853477966
2014-08-31 13:00:00,3.3,4.462100638268241
2014-08-31 14:00:00,3.7,4.464971423058499
2014-08-31 15:00:00,4.0,4.467842207848767
2014-08-31 16:00:00,3.3,4.470712992639042
2014-08-31 17:00:00,2.1,4.473583777429317
2014-08-31 18:00:00,2.2,4.476454562219571
2014-08-31 19:00:00,1.7,4.479325347009846
2014-08-31 20:00:00,0.4,4.482196131800107
2014-08-31 21:00:00,1.6,4.485066916590368
2014-08-31 22:00:00,0.0,4.487937701380639
2014-08-31 23:00:00,0.3,4.490808486170922
2014-09-01 00:00:00,0.5,4.4466372315835
2014-09-01 01:00:00,1.7,4.449508016373764
2014-09-01 02:00:00,0.4,4.452378801164029
2014-09-01 03:00:00,0.0,4.455249585954322
2014-09-01 04:00:00,0.0,4.458120370744586
2014-09-01 05:00:00,0.0,4.460991155534861
2014-09-01 06:00:00,0.0,4.463861940325115
2014-09-01 07:00:00,0.1,4.46673272511538
2014-09-01 08:00:00,0.5,4.469603509905662
2014-09-01 09:00:00,0.1,4.472474294695916
2014-09-01 10:00:00,1.4,4.475345079486187
2014-09-01 11:00:00,2.3,4.4782158642764625
2014-09-01 12:00:00,1.9,4.481086649066734
2014-09-01 13:00:00,3.2,4.483957433857006
2014-09-01 14:00:00,3.6,4.4868282186472666
2014-09-01 15:00:00,4.5,4.4896990034375275
2014-09-01 16:00:00,5.3,4.492569788227803
2014-09-01 17:00:00,5.4,4.495440573018056
2014-09-01 18:00:00,4.9,4.498311357808332
2014-09-01 19:00:00,2.4,4.501182142598614
2014-09-01 20:00:00,1.8,4.504052927388896
2014-09-01 21:00:00,2.7,4.50692371217915
2014-09-01 22:00:00,2.1,4.509794496969418
2014-09-01 23:00:00,2.8,4.512665281759675
2014-09-02 00:00:00,1.7,4.442869440334162
2014-09-02 01:00:00,2.6,4.445740225124419
2014-09-02 02:00:00,2.2,4.448611009914705
2014-09-02 03:00:00,2.7,4.4514817947049625
2014-09-02 04:00:00,2.0,4.454352579495234
2014-09-02 05:00:00,1.6,4.457223364285499
2014-09-02 06:00:00,1.7,4.46009414907577
2014-09-02 07:00:00,2.3,4.462964933866035
2014-09-02 08:00:00,1.0,4.465835718656324
2014-09-02 09:00:00,1.6,4.468706503446574
2014-09-02 10:00:00,1.8,4.471577288236846
2014-09-02 11:00:00,4.7,4.4744480730271246
2014-09-02 12:00:00,5.3,4.477318857817375
2014-09-02 13:00:00,5.2,4.480189642607646
2014-09-02 14:00:00,5.8,4.4830604273979215
2014-09-02 15:00:00,5.2,4.485931212188168
2014-09-02 16:00:00,5.2,4.488801996978447
2014-09-02 17:00:00,5.3,4.491672781768726
2014-09-02 18:00:00,4.6,4.494543566558987
2014-09-02 19:00:00,4.1,4.497414351349251
2014-09-02 20:00:00,4.1,4.500285136139537
2014-09-02 21:00:00,2.6,4.503155920929784
2014-09-02 22:00:00,3.0,4.506026705720066
2014-09-02 23:00:00,2.5,4.508897490510341
2014-09-03 00:00:00,1.8,4.439101649084813
2014-09-03 01:00:00,1.6,4.441972433875078
2014-09-03 02:00:00,0.5,4.444843218665339
2014-09-03 03:00:00,0.5,4.44771400345561
2014-09-03 04:00:00,1.0,4.450584788245878
2014-09-03 05:00:00,0.2,4.45345557303615
2014-09-03 06:00:00,0.6,4.456326357826425
2014-09-03 07:00:00,0.5,4.45919714261669
2014-09-03 08:00:00,1.4,4.462067927406961
2014-09-03 09:00:00,2.2,4.464938712197229
2014-09-03 10:00:00,2.6,4.467809496987504
2014-09-03 11:00:00,3.8,4.470680281777762
2014-09-03 12:00:00,4.1,4.4735510665680405
2014-09-03 13:00:00,4.3,4.476421851358301
2014-09-03 14:00:00,4.5,4.479292636148562
2014-09-03 15:00:00,5.4,4.4821634209388375
2014-09-03 16:00:00,4.8,4.485034205729113
2014-09-03 17:00:00,3.9,4.487904990519381
2014-09-03 18:00:00,4.7,4.490775775309642
2014-09-03 19:00:00,3.6,4.493646560099906
2014-09-03 20:00:00,4.0,4.496517344890192
2014-09-03 21:00:00,3.4,4.499388129680417
2014-09-03 22:00:00,2.8,4.502258914470728
2014-09-03 23:00:00,2.5,4.505129699260985
2014-09-04 00:00:00,2.6,4.435333857835458
2014-09-04 01:00:00,2.1,4.438204642625719
2014-09-04 02:00:00,2.2,4.441075427415994
2014-09-04 03:00:00,2.2,4.443946212206262
2014-09-04 04:00:00,1.3,4.446816996996537
2014-09-04 05:00:00,0.0,4.449687781786805
2014-09-04 06:00:00,0.8,4.452558566577084
2014-09-04 07:00:00,1.2,4.455429351367345
2014-09-04 08:00:00,1.2,4.458300136157616
2014-09-04 09:00:00,2.1,4.46117092094787
2014-09-04 10:00:00,2.3,4.464041705738138
2014-09-04 11:00:00,2.4,4.466912490528406
2014-09-04 12:00:00,5.6,4.469783275318667
2014-09-04 13:00:00,6.5,4.472654060108949
2014-09-04 14:00:00,6.8,4.475524844899228
2014-09-04 15:00:00,5.8,4.4783956296894925
2014-09-04 16:00:00,4.8,4.481266414479753
2014-09-04 17:00:00,5.1,4.484137199270039
2014-09-04 18:00:00,4.6,4.487007984060304
2014-09-04 19:00:00,4.6,4.489878768850572
2014-09-04 20:00:00,3.3,4.49274955364084
2014-09-04 21:00:00,3.0,4.495620338431101
2014-09-04 22:00:00,2.3,4.498491123221369
2014-09-04 23:00:00,0.1,4.501361908011647
2014-09-05 00:00:00,0.4,4.431566066586106
2014-09-05 01:00:00,1.9,4.434436851376384
2014-09-05 02:00:00,2.7,4.437307636166645
2014-09-05 03:00:00,1.5,4.440178420956913
2014-09-05 04:00:00,0.0,4.443049205747192
2014-09-05 05:00:00,0.0,4.4459199905374565
2014-09-05 06:00:00,0.0,4.448790775327735
2014-09-05 07:00:00,0.5,4.451661560117989
2014-09-05 08:00:00,0.3,4.454532344908271
2014-09-05 09:00:00,1.5,4.457403129698514
2014-09-05 10:00:00,3.0,4.460273914488804
2014-09-05 11:00:00,3.4,4.463144699279086
2014-09-05 12:00:00,5.4,4.466015484069347
2014-09-05 13:00:00,5.0,4.468886268859601
2014-09-05 14:00:00,6.6,4.471757053649876
2014-09-05 15:00:00,6.2,4.47462783844013
2014-09-05 16:00:00,6.4,4.477498623230405
2014-09-05 17:00:00,6.4,4.480369408020666
2014-09-05 18:00:00,5.3,4.483240192810962
2014-09-05 19:00:00,5.1,4.486110977601234
2014-09-05 20:00:00,4.8,4.4889817623914805
2014-09-05 21:00:00,3.6,4.491852547181741
2014-09-05 22:00:00,4.0,4.494723331972031
2014-09-05 23:00:00,3.1,4.497594116762288
2014-09-06 00:00:00,3.6,4.427798275336768
2014-09-06 01:00:00,2.9,4.430669060127043
2014-09-06 02:00:00,3.0,4.43353984491729
2014-09-06 03:00:00,3.2,4.4364106297075825
2014-09-06 04:00:00,3.8,4.439281414497833
2014-09-06 05:00:00,4.0,4.442152199288115
2014-09-06 06:00:00,4.5,4.445022984078383
2014-09-06 07:00:00,5.2,4.447893768868651
2014-09-06 08:00:00,5.8,4.450764553658923
2014-09-06 09:00:00,5.9,4.4536353384491765
2014-09-06 10:00:00,5.4,4.456506123239455
2014-09-06 11:00:00,5.9,4.45937690802972
2014-09-06 12:00:00,6.5,4.462247692819991
2014-09-06 13:00:00,6.4,4.465118477610252
2014-09-06 14:00:00,6.0,4.467989262400534
2014-09-06 15:00:00,5.5,4.470860047190788
2014-09-06 16:00:00,5.2,4.4737308319810705
2014-09-06 17:00:00,4.0,4.47660161677131
2014-09-06 18:00:00,3.9,4.479472401561589
2014-09-06 19:00:00,3.7,4.482343186351875
2014-09-06 20:00:00,2.5,4.485213971142139
2014-09-06 21:00:00,3.2,4.488084755932407
2014-09-06 22:00:00,2.3,4.490955540722679
2014-09-06 23:00:00,2.3,4.4938263255129325
2014-09-07 00:00:00,1.1,4.424030484087405
2014-09-07 01:00:00,3.5,4.4269012688776765
2014-09-07 02:00:00,4.0,4.429772053667948
2014-09-07 03:00:00,3.5,4.4326428384582055
2014-09-07 04:00:00,3.7,4.4355136232484735
2014-09-07 05:00:00,2.2,4.438384408038745
2014-09-07 06:00:00,1.9,4.441255192829027
2014-09-07 07:00:00,2.3,4.444125977619299
2014-09-07 08:00:00,3.3,4.446996762409546
2014-09-07 09:00:00,3.4,4.449867547199824
2014-09-07 10:00:00,4.0,4.452738331990103
2014-09-07 11:00:00,3.6,4.4556091167803675
2014-09-07 12:00:00,4.2,4.45847990157065
2014-09-07 13:00:00,4.2,4.461350686360914
2014-09-07 14:00:00,4.4,4.4642214711511645
2014-09-07 15:00:00,4.8,4.46709225594145
2014-09-07 16:00:00,4.5,4.469963040731711
2014-09-07 17:00:00,4.0,4.4728338255219935
2014-09-07 18:00:00,3.0,4.4757046103122615
2014-09-07 19:00:00,3.8,4.478575395102512
2014-09-07 20:00:00,3.4,4.4814461798927905
2014-09-07 21:00:00,2.5,4.484316964683044
2014-09-07 22:00:00,1.9,4.487187749473316
2014-09-07 23:00:00,1.7,4.490058534263598
2014-09-08 00:00:00,1.8,4.446637231583514
2014-09-08 01:00:00,1.4,4.449508016373764
2014-09-08 02:00:00,1.0,4.452378801164043
2014-09-08 03:00:00,1.4,4.4552495859543
2014-09-08 04:00:00,0.0,4.458120370744586
2014-09-08 05:00:00,0.7,4.460991155534851
2014-09-08 06:00:00,0.5,4.463861940325115
2014-09-08 07:00:00,0.0,4.466732725115376
2014-09-08 08:00:00,1.9,4.469603509905662
2014-09-08 09:00:00,2.1,4.472474294695937
2014-09-08 10:00:00,3.0,4.475345079486187
2014-09-08 11:00:00,4.4,4.478215864276466
2014-09-08 12:00:00,4.5,4.481086649066716
2014-09-08 13:00:00,3.6,4.483957433857013
2014-09-08 14:00:00,4.0,4.4868282186472594
2014-09-08 15:00:00,4.4,4.489699003437517
2014-09-08 16:00:00,4.9,4.492569788227788
2014-09-08 17:00:00,3.9,4.495440573018081
2014-09-08 18:00:00,3.4,4.498311357808335
2014-09-08 19:00:00,3.6,4.501182142598614
2014-09-08 20:00:00,3.2,4.504052927388882
2014-09-08 21:00:00,2.2,4.50692371217915
2014-09-08 22:00:00,2.1,4.509794496969418
2014-09-08 23:00:00,1.0,4.512665281759686
2014-09-09 00:00:00,0.0,4.4428694403341655
2014-09-09 01:00:00,0.0,4.445740225124419
2014-09-09 02:00:00,0.0,4.448611009914684
2014-09-09 03:00:00,0.0,4.45148179470498
2014-09-09 04:00:00,0.0,4.454352579495231
2014-09-09 05:00:00,0.0,4.457223364285499
2014-09-09 06:00:00,0.2,4.460094149075781
2014-09-09 07:00:00,0.2,4.462964933866013
2014-09-09 08:00:00,1.1,4.465835718656313
2014-09-09 09:00:00,1.1,4.468706503446574
2014-09-09 10:00:00,1.5,4.471577288236853
2014-09-09 11:00:00,2.7,4.47444807302711
2014-09-09 12:00:00,3.6,4.477318857817371
2014-09-09 13:00:00,4.2,4.480189642607646
2014-09-09 14:00:00,4.8,4.483060427397925
2014-09-09 15:00:00,4.3,4.4859312121881825
2014-09-09 16:00:00,5.7,4.488801996978447
2014-09-09 17:00:00,4.9,4.4916727817687185
2014-09-09 18:00:00,3.7,4.494543566558987
2014-09-09 19:00:00,4.0,4.497414351349269
2014-09-09 20:00:00,4.2,4.500285136139537
2014-09-09 21:00:00,3.8,4.503155920929791
2014-09-09 22:00:00,3.6,4.506026705720052
2014-09-09 23:00:00,3.4,4.508897490510341
2014-09-10 00:00:00,2.8,4.439101649084813
2014-09-10 01:00:00,1.9,4.441972433875078
2014-09-10 02:00:00,1.3,4.444843218665353
2014-09-10 03:00:00,2.2,4.4477140034556175
2014-09-10 04:00:00,2.6,4.450584788245878
2014-09-10 05:00:00,3.0,4.45345557303615
2014-09-10 06:00:00,3.2,4.4563263578264145
2014-09-10 07:00:00,2.4,4.45919714261669
2014-09-10 08:00:00,3.6,4.462067927406961
2014-09-10 09:00:00,1.3,4.464938712197229
2014-09-10 10:00:00,1.5,4.467809496987483
2014-09-10 11:00:00,1.3,4.470680281777758
2014-09-10 12:00:00,0.6,4.4735510665680405
2014-09-10 13:00:00,2.4,4.476421851358301
2014-09-10 14:00:00,4.5,4.479292636148562
2014-09-10 15:00:00,4.3,4.482163420938852
2014-09-10 16:00:00,3.6,4.4850342057291055
2014-09-10 17:00:00,4.1,4.4879049905193735
2014-09-10 18:00:00,2.7,4.490775775309656
2014-09-10 19:00:00,1.9,4.493646560099899
2014-09-10 20:00:00,1.4,4.496517344890199
2014-09-10 21:00:00,1.7,4.499388129680417
2014-09-10 22:00:00,3.2,4.502258914470717
2014-09-10 23:00:00,2.7,4.505129699260982
2014-09-11 00:00:00,2.2,4.435333857835458
2014-09-11 01:00:00,2.1,4.438204642625733
2014-09-11 02:00:00,2.8,4.441075427416008
2014-09-11 03:00:00,1.9,4.443946212206265
2014-09-11 04:00:00,1.9,4.446816996996544
2014-09-11 05:00:00,2.3,4.449687781786805
2014-09-11 06:00:00,2.5,4.452558566577062
2014-09-11 07:00:00,2.9,4.455429351367345
2014-09-11 08:00:00,4.0,4.458300136157609
2014-09-11 09:00:00,5.9,4.461170920947874
2014-09-11 10:00:00,6.5,4.464041705738145
2014-09-11 11:00:00,6.7,4.46691249052842
2014-09-11 12:00:00,7.0,4.469783275318674
2014-09-11 13:00:00,6.5,4.47265406010896
2014-09-11 14:00:00,6.3,4.475524844899224
2014-09-11 15:00:00,5.9,4.478395629689485
2014-09-11 16:00:00,5.4,4.4812664144797605
2014-09-11 17:00:00,4.8,4.484137199270039
2014-09-11 18:00:00,4.2,4.487007984060304
2014-09-11 19:00:00,4.1,4.489878768850572
2014-09-11 20:00:00,3.8,4.49274955364084
2014-09-11 21:00:00,4.3,4.495620338431101
2014-09-11 22:00:00,3.2,4.498491123221372
2014-09-11 23:00:00,2.5,4.501361908011647
2014-09-12 00:00:00,3.3,4.431566066586109
2014-09-12 01:00:00,3.1,4.434436851376381
2014-09-12 02:00:00,1.5,4.437307636166645
2014-09-12 03:00:00,2.1,4.440178420956924
2014-09-12 04:00:00,1.5,4.443049205747188
2014-09-12 05:00:00,0.7,4.4459199905374565
2014-09-12 06:00:00,0.9,4.448790775327742
2014-09-12 07:00:00,1.4,4.451661560117989
2014-09-12 08:00:00,2.2,4.454532344908282
2014-09-12 09:00:00,3.1,4.457403129698529
2014-09-12 10:00:00,4.1,4.460273914488804
2014-09-12 11:00:00,4.9,4.463144699279065
2014-09-12 12:00:00,6.1,4.466015484069347
2014-09-12 13:00:00,6.4,4.468886268859601
2014-09-12 14:00:00,6.7,4.47175705364989
2014-09-12 15:00:00,5.3,4.47462783844013
2014-09-12 16:00:00,4.9,4.477498623230391
2014-09-12 17:00:00,4.9,4.480369408020687
2014-09-12 18:00:00,3.6,4.483240192810937
2014-09-12 19:00:00,2.5,4.486110977601216
2014-09-12 20:00:00,2.6,4.488981762391488
2014-09-12 21:00:00,1.8,4.491852547181763
2014-09-12 22:00:00,1.5,4.494723331972031
2014-09-12 23:00:00,0.7,4.497594116762302
2014-09-13 00:00:00,0.2,4.427798275336757
2014-09-13 01:00:00,0.3,4.430669060127036
2014-09-13 02:00:00,0.1,4.4335398449173
2014-09-13 03:00:00,0.0,4.4364106297075825
2014-09-13 04:00:00,0.0,4.439281414497847
2014-09-13 05:00:00,0.1,4.4421521992881114
2014-09-13 06:00:00,1.3,4.4450229840783795
2014-09-13 07:00:00,0.1,4.447893768868655
2014-09-13 08:00:00,1.0,4.450764553658926
2014-09-13 09:00:00,1.3,4.453635338449173
2014-09-13 10:00:00,1.9,4.456506123239462
2014-09-13 11:00:00,2.5,4.459376908029727
2014-09-13 12:00:00,4.3,4.462247692819984
2014-09-13 13:00:00,5.2,4.465118477610249
2014-09-13 14:00:00,4.5,4.467989262400534
2014-09-13 15:00:00,4.6,4.470860047190781
2014-09-13 16:00:00,4.9,4.473730831981078
2014-09-13 17:00:00,4.8,4.476601616771324
2014-09-13 18:00:00,3.8,4.479472401561589
2014-09-13 19:00:00,3.4,4.482343186351875
2014-09-13 20:00:00,4.0,4.485213971142153
2014-09-13 21:00:00,3.7,4.4880847559324
2014-09-13 22:00:00,4.1,4.490955540722686
2014-09-13 23:00:00,3.6,4.49382632551295
2014-09-14 00:00:00,2.7,4.424030484087401
2014-09-14 01:00:00,2.0,4.426901268877691
2014-09-14 02:00:00,2.5,4.429772053667948
2014-09-14 03:00:00,1.4,4.43264283845822
2014-09-14 04:00:00,1.7,4.4355136232484735
2014-09-14 05:00:00,1.4,4.438384408038749
2014-09-14 06:00:00,1.0,4.44125519282901
2014-09-14 07:00:00,2.6,4.444125977619295
2014-09-14 08:00:00,3.3,4.446996762409553
2014-09-14 09:00:00,5.1,4.449867547199824
2014-09-14 10:00:00,6.7,4.452738331990089
2014-09-14 11:00:00,6.4,4.4556091167803675
2014-09-14 12:00:00,6.4,4.458479901570643
2014-09-14 13:00:00,6.5,4.461350686360911
2014-09-14 14:00:00,6.9,4.464221471151172
2014-09-14 15:00:00,6.5,4.46709225594145
2014-09-14 16:00:00,6.9,4.469963040731718
2014-09-14 17:00:00,7.0,4.472833825521972
2014-09-14 18:00:00,5.9,4.475704610312237
2014-09-14 19:00:00,5.8,4.478575395102508
2014-09-14 20:00:00,5.0,4.481446179892773
2014-09-14 21:00:00,4.5,4.484316964683044
2014-09-14 22:00:00,3.9,4.48718774947333
2014-09-14 23:00:00,3.9,4.490058534263573
2014-09-15 00:00:00,3.6,4.4466372315835
2014-09-15 01:00:00,4.5,4.449508016373761
2014-09-15 02:00:00,4.2,4.452378801164029
2014-09-15 03:00:00,4.0,4.455249585954322
2014-09-15 04:00:00,3.6,4.458120370744586
2014-09-15 05:00:00,2.8,4.460991155534847
2014-09-15 06:00:00,1.8,4.463861940325115
2014-09-15 07:00:00,0.8,4.466732725115397
2014-09-15 08:00:00,2.5,4.469603509905662
2014-09-15 09:00:00,5.3,4.47247429469593
2014-09-15 10:00:00,5.1,4.47534507948618
2014-09-15 11:00:00,4.5,4.478215864276466
2014-09-15 12:00:00,3.3,4.481086649066738
2014-09-15 13:00:00,4.7,4.483957433857013
2014-09-15 14:00:00,6.9,4.486828218647256
2014-09-15 15:00:00,7.5,4.489699003437531
2014-09-15 16:00:00,8.1,4.49256978822781
2014-09-15 17:00:00,7.2,4.495440573018078
2014-09-15 18:00:00,7.4,4.498311357808339
2014-09-15 19:00:00,6.6,4.50118214259861
2014-09-15 20:00:00,5.7,4.504052927388875
2014-09-15 21:00:00,5.7,4.506923712179153
2014-09-15 22:00:00,4.3,4.509794496969418
2014-09-15 23:00:00,6.5,4.512665281759686
2014-09-16 00:00:00,7.4,4.442869440334151
2014-09-16 01:00:00,7.1,4.445740225124434
2014-09-16 02:00:00,6.3,4.448611009914691
2014-09-16 03:00:00,7.6,4.45148179470497
2014-09-16 04:00:00,6.1,4.454352579495231
2014-09-16 05:00:00,5.7,4.457223364285499
2014-09-16 06:00:00,5.2,4.460094149075763
2014-09-16 07:00:00,4.5,4.462964933866031
2014-09-16 08:00:00,6.0,4.465835718656296
2014-09-16 09:00:00,7.0,4.468706503446567
2014-09-16 10:00:00,5.8,4.471577288236853
2014-09-16 11:00:00,8.2,4.474448073027121
2014-09-16 12:00:00,10.6,4.4773188578173855
2014-09-16 13:00:00,10.1,4.48018964260765
2014-09-16 14:00:00,10.5,4.4830604273979
2014-09-16 15:00:00,11.1,4.48593121218819
2014-09-16 16:00:00,10.2,4.488801996978447
2014-09-16 17:00:00,9.3,4.491672781768729
2014-09-16 18:00:00,9.5,4.4945435665589795
2014-09-16 19:00:00,9.2,4.497414351349272
2014-09-16 20:00:00,9.1,4.500285136139537
2014-09-16 21:00:00,8.7,4.503155920929794
2014-09-16 22:00:00,7.2,4.506026705720059
2014-09-16 23:00:00,6.6,4.508897490510341
2014-09-17 00:00:00,6.4,4.4391016490848205
2014-09-17 01:00:00,6.0,4.441972433875078
2014-09-17 02:00:00,5.8,4.444843218665342
2014-09-17 03:00:00,5.0,4.447714003455621
2014-09-17 04:00:00,3.8,4.450584788245878
2014-09-17 05:00:00,4.4,4.45345557303615
2014-09-17 06:00:00,3.1,4.456326357826429
2014-09-17 07:00:00,2.9,4.45919714261669
2014-09-17 08:00:00,4.5,4.462067927406968
2014-09-17 09:00:00,6.2,4.464938712197236
2014-09-17 10:00:00,6.6,4.467809496987501
2014-09-17 11:00:00,7.9,4.470680281777762
2014-09-17 12:00:00,8.4,4.4735510665680405
2014-09-17 13:00:00,8.2,4.476421851358284
2014-09-17 14:00:00,7.6,4.479292636148562
2014-09-17 15:00:00,7.1,4.482163420938845
2014-09-17 16:00:00,7.2,4.4850342057291055
2014-09-17 17:00:00,6.8,4.487904990519366
2014-09-17 18:00:00,5.8,4.490775775309642
2014-09-17 19:00:00,4.9,4.493646560099899
2014-09-17 20:00:00,3.9,4.496517344890192
2014-09-17 21:00:00,4.1,4.499388129680435
2014-09-17 22:00:00,4.8,4.502258914470717
2014-09-17 23:00:00,4.7,4.505129699260989
2014-09-18 00:00:00,5.4,4.435333857835479
2014-09-18 01:00:00,5.2,4.438204642625719
2014-09-18 02:00:00,5.3,4.441075427416008
2014-09-18 03:00:00,5.3,4.443946212206262
2014-09-18 04:00:00,6.0,4.446816996996523
2014-09-18 05:00:00,5.9,4.449687781786819
2014-09-18 06:00:00,6.5,4.452558566577084
2014-09-18 07:00:00,6.8,4.455429351367345
2014-09-18 08:00:00,8.7,4.458300136157613
2014-09-18 09:00:00,9.4,4.461170920947884
2014-09-18 10:00:00,9.8,4.464041705738138
2014-09-18 11:00:00,9.2,4.46691249052842
2014-09-18 12:00:00,8.3,4.469783275318674
2014-09-18 13:00:00,10.0,4.47265406010896
2014-09-18 14:00:00,7.3,4.475524844899224
2014-09-18 15:00:00,8.0,4.4783956296895
2014-09-18 16:00:00,7.7,4.4812664144797605
2014-09-18 17:00:00,6.1,4.484137199270039
2014-09-18 18:00:00,5.9,4.487007984060304
2014-09-18 19:00:00,4.7,4.489878768850579
2014-09-18 20:00:00,1.4,4.492749553640847
2014-09-18 21:00:00,2.9,4.49562033843109
2014-09-18 22:00:00,3.0,4.498491123221362
2014-09-18 23:00:00,2.2,4.501361908011637
2014-09-19 00:00:00,1.2,4.431566066586127
2014-09-19 01:00:00,2.8,4.434436851376381
2014-09-19 02:00:00,3.6,4.437307636166645
2014-09-19 03:00:00,2.7,4.440178420956924
2014-09-19 04:00:00,2.2,4.443049205747192
2014-09-19 05:00:00,1.6,4.4459199905374565
2014-09-19 06:00:00,2.0,4.448790775327735
2014-09-19 07:00:00,2.5,4.451661560117989
2014-09-19 08:00:00,4.0,4.454532344908271
2014-09-19 09:00:00,4.5,4.457403129698514
2014-09-19 10:00:00,4.6,4.460273914488804
2014-09-19 11:00:00,6.1,4.463144699279068
2014-09-19 12:00:00,5.9,4.466015484069333
2014-09-19 13:00:00,6.5,4.468886268859615
2014-09-19 14:00:00,6.4,4.471757053649879
2014-09-19 15:00:00,6.3,4.47462783844014
2014-09-19 16:00:00,5.8,4.477498623230426
2014-09-19 17:00:00,5.4,4.4803694080206835
2014-09-19 18:00:00,4.8,4.4832401928109515
2014-09-19 19:00:00,3.7,4.486110977601227
2014-09-19 20:00:00,3.4,4.488981762391488
2014-09-19 21:00:00,3.4,4.491852547181763
2014-09-19 22:00:00,3.1,4.494723331972024
2014-09-19 23:00:00,2.7,4.497594116762299
2014-09-20 00:00:00,2.7,4.427798275336764
2014-09-20 01:00:00,2.0,4.43066906012705
2014-09-20 02:00:00,0.4,4.433539844917304
