,wt_hr_true,wt_hr
2014-09-29 19:00:00,66.6,48.7611111111111
2014-09-29 20:00:00,68.9,52.18148148148148
2014-09-29 21:00:00,70.5,54.65925925925926
2014-09-29 22:00:00,72.2,56.159259259259265
2014-09-29 23:00:00,72.6,57.78363636363637
2014-09-30 00:00:00,73.6,57.75714285714286
2014-09-30 01:00:00,74.3,58.857142857142854
2014-09-30 02:00:00,74.3,60.11071428571429
2014-09-30 03:00:00,73.9,60.38214285714285
2014-09-30 04:00:00,72.6,60.683928571428574
2014-09-30 05:00:00,73.1,62.04285714285714
2014-09-30 06:00:00,73.2,63.128571428571426
2014-09-30 07:00:00,72.4,63.082142857142856
2014-09-30 08:00:00,67.7,60.620000000000005
2014-09-30 09:00:00,60.9,56.50545454545455
2014-09-30 10:00:00,56.4,51.88727272727273
2014-09-30 11:00:00,55.8,46.35272727272727
2014-09-30 12:00:00,55.2,41.21272727272728
2014-09-30 13:00:00,50.0,37.86727272727273
2014-09-30 14:00:00,44.6,36.88909090909091
2014-09-30 15:00:00,38.0,36.625454545454545
2014-09-30 16:00:00,35.8,38.32000000000001
2014-09-30 17:00:00,41.0,41.51111111111111
2014-09-30 18:00:00,56.3,45.218518518518515
2014-09-30 19:00:00,59.9,48.7611111111111
2014-09-30 20:00:00,59.4,52.18148148148148
2014-09-30 21:00:00,57.9,54.65925925925926
2014-09-30 22:00:00,55.6,56.159259259259265
2014-09-30 23:00:00,53.5,57.78363636363637
2014-10-01 00:00:00,52.1,53.166666666666664
2014-10-01 01:00:00,52.0,54.574999999999996
2014-10-01 02:00:00,52.5,55.86944444444444
2014-10-01 03:00:00,53.8,56.75428571428571
2014-10-01 04:00:00,57.6,58.51428571428571
2014-10-01 05:00:00,62.4,60.857142857142854
2014-10-01 06:00:00,64.0,63.165714285714294
2014-10-01 07:00:00,59.3,64.34571428571427
2014-10-01 08:00:00,51.3,63.245714285714286
2014-10-01 09:00:00,47.5,59.82857142857143
2014-10-01 10:00:00,49.3,55.09714285714286
2014-10-01 11:00:00,45.4,49.36764705882353
2014-10-01 12:00:00,44.9,45.02571428571428
2014-10-01 13:00:00,40.1,41.71388888888888
2014-10-01 14:00:00,36.7,40.008108108108104
2014-10-01 15:00:00,34.0,38.665789473684214
2014-10-01 16:00:00,33.2,39.42972972972973
2014-10-01 17:00:00,37.7,42.14444444444444
2014-10-01 18:00:00,44.5,43.924324324324324
2014-10-01 19:00:00,46.5,47.06756756756757
2014-10-01 20:00:00,46.4,49.567567567567565
2014-10-01 21:00:00,45.9,51.28648648648649
2014-10-01 22:00:00,45.3,51.91111111111111
2014-10-01 23:00:00,44.2,52.625
2014-10-02 00:00:00,43.8,53.166666666666664
2014-10-02 01:00:00,44.3,54.574999999999996
2014-10-02 02:00:00,45.6,55.86944444444444
2014-10-02 03:00:00,46.5,56.75428571428571
2014-10-02 04:00:00,48.1,58.51428571428571
2014-10-02 05:00:00,49.5,60.857142857142854
2014-10-02 06:00:00,51.9,63.165714285714294
2014-10-02 07:00:00,51.7,64.34571428571427
2014-10-02 08:00:00,50.9,63.245714285714286
2014-10-02 09:00:00,49.7,59.82857142857143
2014-10-02 10:00:00,48.7,55.09714285714286
2014-10-02 11:00:00,48.0,49.36764705882353
2014-10-02 12:00:00,45.4,45.02571428571428
2014-10-02 13:00:00,42.6,41.71388888888888
2014-10-02 14:00:00,38.7,40.008108108108104
2014-10-02 15:00:00,35.3,38.665789473684214
2014-10-02 16:00:00,34.9,39.42972972972973
2014-10-02 17:00:00,41.8,42.14444444444444
2014-10-02 18:00:00,49.1,43.924324324324324
2014-10-02 19:00:00,49.5,47.06756756756757
2014-10-02 20:00:00,47.7,49.567567567567565
2014-10-02 21:00:00,45.0,51.28648648648649
2014-10-02 22:00:00,45.4,51.91111111111111
2014-10-02 23:00:00,44.3,52.625
2014-10-03 00:00:00,44.0,53.166666666666664
2014-10-03 01:00:00,44.2,54.574999999999996
2014-10-03 02:00:00,45.1,55.86944444444444
2014-10-03 03:00:00,46.8,56.75428571428571
2014-10-03 04:00:00,49.1,58.51428571428571
2014-10-03 05:00:00,51.0,60.857142857142854
2014-10-03 06:00:00,52.5,63.165714285714294
2014-10-03 07:00:00,56.3,64.34571428571427
2014-10-03 08:00:00,52.1,63.245714285714286
2014-10-03 09:00:00,48.7,59.82857142857143
2014-10-03 10:00:00,48.4,55.09714285714286
2014-10-03 11:00:00,43.8,49.36764705882353
2014-10-03 12:00:00,38.2,45.02571428571428
2014-10-03 13:00:00,31.4,41.71388888888888
2014-10-03 14:00:00,30.8,40.008108108108104
2014-10-03 15:00:00,36.9,38.665789473684214
2014-10-03 16:00:00,47.3,39.42972972972973
2014-10-03 17:00:00,43.9,42.14444444444444
2014-10-03 18:00:00,46.1,43.924324324324324
2014-10-03 19:00:00,44.9,47.06756756756757
2014-10-03 20:00:00,43.2,49.567567567567565
2014-10-03 21:00:00,41.2,51.28648648648649
2014-10-03 22:00:00,43.0,51.91111111111111
2014-10-03 23:00:00,43.9,52.625
2014-10-04 00:00:00,46.5,53.166666666666664
2014-10-04 01:00:00,64.3,54.574999999999996
2014-10-04 02:00:00,73.8,55.86944444444444
2014-10-04 03:00:00,75.8,56.75428571428571
2014-10-04 04:00:00,75.9,58.51428571428571
2014-10-04 05:00:00,74.9,60.857142857142854
2014-10-04 06:00:00,72.9,63.165714285714294
2014-10-04 07:00:00,69.9,64.34571428571427
2014-10-04 08:00:00,64.4,63.245714285714286
2014-10-04 09:00:00,60.8,59.82857142857143
2014-10-04 10:00:00,57.2,55.09714285714286
2014-10-04 11:00:00,53.2,49.36764705882353
2014-10-04 12:00:00,53.2,45.02571428571428
2014-10-04 13:00:00,54.5,41.71388888888888
2014-10-04 14:00:00,55.0,40.008108108108104
2014-10-04 15:00:00,54.8,38.665789473684214
2014-10-04 16:00:00,55.0,39.42972972972973
2014-10-04 17:00:00,56.1,42.14444444444444
2014-10-04 18:00:00,62.7,43.924324324324324
2014-10-04 19:00:00,67.0,47.06756756756757
2014-10-04 20:00:00,69.9,49.567567567567565
2014-10-04 21:00:00,70.7,51.28648648648649
2014-10-04 22:00:00,70.3,51.91111111111111
2014-10-04 23:00:00,72.8,52.625
2014-10-05 00:00:00,74.2,53.166666666666664
2014-10-05 01:00:00,74.3,54.574999999999996
2014-10-05 02:00:00,73.7,55.86944444444444
2014-10-05 03:00:00,74.2,56.75428571428571
2014-10-05 04:00:00,70.6,58.51428571428571
2014-10-05 05:00:00,66.4,60.857142857142854
2014-10-05 06:00:00,62.9,63.165714285714294
2014-10-05 07:00:00,60.9,64.34571428571427
2014-10-05 08:00:00,61.1,63.245714285714286
2014-10-05 09:00:00,56.5,59.82857142857143
2014-10-05 10:00:00,45.7,55.09714285714286
2014-10-05 11:00:00,45.3,49.36764705882353
2014-10-05 12:00:00,44.6,45.02571428571428
2014-10-05 13:00:00,43.2,41.71388888888888
2014-10-05 14:00:00,44.0,40.008108108108104
2014-10-05 15:00:00,44.5,38.665789473684214
2014-10-05 16:00:00,50.3,39.42972972972973
2014-10-05 17:00:00,50.4,42.14444444444444
2014-10-05 18:00:00,52.9,43.924324324324324
2014-10-05 19:00:00,55.2,47.06756756756757
2014-10-05 20:00:00,57.2,49.567567567567565
2014-10-05 21:00:00,58.3,51.28648648648649
2014-10-05 22:00:00,59.4,51.91111111111111
2014-10-05 23:00:00,61.4,52.625
2014-10-06 00:00:00,62.1,53.166666666666664
2014-10-06 01:00:00,61.8,54.574999999999996
2014-10-06 02:00:00,62.8,55.86944444444444
2014-10-06 03:00:00,63.8,56.75428571428571
2014-10-06 04:00:00,65.7,58.51428571428571
2014-10-06 05:00:00,68.1,60.857142857142854
2014-10-06 06:00:00,68.2,63.165714285714294
2014-10-06 07:00:00,67.0,64.34571428571427
2014-10-06 08:00:00,68.8,63.245714285714286
2014-10-06 09:00:00,69.4,59.82857142857143
2014-10-06 10:00:00,69.0,55.09714285714286
2014-10-06 11:00:00,61.8,49.36764705882353
2014-10-06 12:00:00,61.3,45.02571428571428
2014-10-06 13:00:00,58.7,41.71388888888888
2014-10-06 14:00:00,61.4,40.008108108108104
2014-10-06 15:00:00,62.9,38.665789473684214
2014-10-06 16:00:00,61.2,39.42972972972973
2014-10-06 17:00:00,62.7,42.14444444444444
2014-10-06 18:00:00,69.3,43.924324324324324
2014-10-06 19:00:00,72.7,47.06756756756757
2014-10-06 20:00:00,75.6,49.567567567567565
2014-10-06 21:00:00,77.5,51.28648648648649
2014-10-06 22:00:00,81.8,51.91111111111111
2014-10-06 23:00:00,82.2,52.625
2014-10-07 00:00:00,83.9,53.166666666666664
2014-10-07 01:00:00,84.0,54.574999999999996
2014-10-07 02:00:00,83.6,55.86944444444444
2014-10-07 03:00:00,84.6,56.75428571428571
2014-10-07 04:00:00,86.1,58.51428571428571
2014-10-07 05:00:00,86.3,60.857142857142854
2014-10-07 06:00:00,86.6,63.165714285714294
2014-10-07 07:00:00,86.8,64.34571428571427
2014-10-07 08:00:00,86.4,63.245714285714286
2014-10-07 09:00:00,86.1,59.82857142857143
2014-10-07 10:00:00,84.4,55.09714285714286
2014-10-07 11:00:00,83.2,49.36764705882353
2014-10-07 12:00:00,77.9,45.02571428571428
2014-10-07 13:00:00,76.3,41.71388888888888
2014-10-07 14:00:00,75.7,40.008108108108104
2014-10-07 15:00:00,77.5,38.665789473684214
2014-10-07 16:00:00,77.6,39.42972972972973
2014-10-07 17:00:00,79.1,42.14444444444444
2014-10-07 18:00:00,81.6,43.924324324324324
2014-10-07 19:00:00,81.9,47.06756756756757
2014-10-07 20:00:00,82.6,49.567567567567565
2014-10-07 21:00:00,82.9,51.28648648648649
2014-10-07 22:00:00,81.6,51.91111111111111
2014-10-07 23:00:00,82.6,52.625
2014-10-08 00:00:00,82.1,53.166666666666664
2014-10-08 01:00:00,81.7,54.574999999999996
2014-10-08 02:00:00,83.7,55.86944444444444
2014-10-08 03:00:00,84.9,56.75428571428571
2014-10-08 04:00:00,84.3,58.51428571428571
2014-10-08 05:00:00,83.2,60.857142857142854
2014-10-08 06:00:00,84.1,63.165714285714294
2014-10-08 07:00:00,84.0,64.34571428571427
2014-10-08 08:00:00,81.1,63.245714285714286
2014-10-08 09:00:00,76.6,59.82857142857143
2014-10-08 10:00:00,71.8,55.09714285714286
2014-10-08 11:00:00,68.8,49.36764705882353
2014-10-08 12:00:00,72.7,45.02571428571428
2014-10-08 13:00:00,73.4,41.71388888888888
2014-10-08 14:00:00,77.1,40.008108108108104
2014-10-08 15:00:00,78.1,38.665789473684214
2014-10-08 16:00:00,78.8,39.42972972972973
2014-10-08 17:00:00,80.6,42.14444444444444
2014-10-08 18:00:00,82.0,43.924324324324324
2014-10-08 19:00:00,82.4,47.06756756756757
2014-10-08 20:00:00,83.1,49.567567567567565
2014-10-08 21:00:00,83.0,51.28648648648649
2014-10-08 22:00:00,82.4,51.91111111111111
2014-10-08 23:00:00,82.6,52.625
2014-10-09 00:00:00,84.1,53.166666666666664
2014-10-09 01:00:00,84.5,54.574999999999996
2014-10-09 02:00:00,84.6,55.86944444444444
2014-10-09 03:00:00,83.6,56.75428571428571
2014-10-09 04:00:00,82.6,58.51428571428571
2014-10-09 05:00:00,79.6,60.857142857142854
2014-10-09 06:00:00,79.5,63.165714285714294
2014-10-09 07:00:00,79.4,64.34571428571427
2014-10-09 08:00:00,72.5,63.245714285714286
2014-10-09 09:00:00,65.7,59.82857142857143
2014-10-09 10:00:00,69.4,55.09714285714286
2014-10-09 11:00:00,70.4,49.36764705882353
2014-10-09 12:00:00,65.9,45.02571428571428
2014-10-09 13:00:00,74.9,41.71388888888888
2014-10-09 14:00:00,73.0,40.008108108108104
2014-10-09 15:00:00,72.9,38.665789473684214
2014-10-09 16:00:00,68.0,39.42972972972973
2014-10-09 17:00:00,63.6,42.14444444444444
2014-10-09 18:00:00,66.6,43.924324324324324
2014-10-09 19:00:00,71.3,47.06756756756757
2014-10-09 20:00:00,81.0,49.567567567567565
2014-10-09 21:00:00,84.0,51.28648648648649
2014-10-09 22:00:00,81.4,51.91111111111111
2014-10-09 23:00:00,78.7,52.625
2014-10-10 00:00:00,75.6,53.166666666666664
2014-10-10 01:00:00,77.3,54.574999999999996
2014-10-10 02:00:00,77.7,55.86944444444444
2014-10-10 03:00:00,78.9,56.75428571428571
2014-10-10 04:00:00,80.3,58.51428571428571
2014-10-10 05:00:00,79.2,60.857142857142854
2014-10-10 06:00:00,72.7,63.165714285714294
2014-10-10 07:00:00,69.2,64.34571428571427
2014-10-10 08:00:00,63.1,63.245714285714286
2014-10-10 09:00:00,58.1,59.82857142857143
2014-10-10 10:00:00,52.6,55.09714285714286
2014-10-10 11:00:00,46.5,49.36764705882353
2014-10-10 12:00:00,45.7,45.02571428571428
2014-10-10 13:00:00,46.7,41.71388888888888
2014-10-10 14:00:00,43.6,40.008108108108104
2014-10-10 15:00:00,46.2,38.665789473684214
2014-10-10 16:00:00,49.7,39.42972972972973
2014-10-10 17:00:00,56.0,42.14444444444444
2014-10-10 18:00:00,63.3,43.924324324324324
2014-10-10 19:00:00,67.2,47.06756756756757
2014-10-10 20:00:00,68.8,49.567567567567565
2014-10-10 21:00:00,67.0,51.28648648648649
2014-10-10 22:00:00,67.5,51.91111111111111
2014-10-10 23:00:00,69.4,52.625
2014-10-11 00:00:00,76.4,53.166666666666664
2014-10-11 01:00:00,81.1,54.574999999999996
2014-10-11 02:00:00,81.9,55.86944444444444
2014-10-11 03:00:00,81.0,56.75428571428571
2014-10-11 04:00:00,82.6,58.51428571428571
2014-10-11 05:00:00,84.7,60.857142857142854
2014-10-11 06:00:00,86.0,63.165714285714294
2014-10-11 07:00:00,88.1,64.34571428571427
2014-10-11 08:00:00,88.3,63.245714285714286
2014-10-11 09:00:00,85.5,59.82857142857143
2014-10-11 10:00:00,79.6,55.09714285714286
2014-10-11 11:00:00,80.6,49.36764705882353
2014-10-11 12:00:00,77.5,45.02571428571428
2014-10-11 13:00:00,63.0,41.71388888888888
2014-10-11 14:00:00,52.5,40.008108108108104
2014-10-11 15:00:00,55.0,38.665789473684214
2014-10-11 16:00:00,57.3,39.42972972972973
2014-10-11 17:00:00,68.5,42.14444444444444
2014-10-11 18:00:00,72.7,43.924324324324324
2014-10-11 19:00:00,77.4,47.06756756756757
2014-10-11 20:00:00,79.5,49.567567567567565
2014-10-11 21:00:00,80.5,51.28648648648649
2014-10-11 22:00:00,77.7,51.91111111111111
2014-10-11 23:00:00,78.5,52.625
2014-10-12 00:00:00,72.7,53.166666666666664
2014-10-12 01:00:00,70.0,54.574999999999996
2014-10-12 02:00:00,67.0,55.86944444444444
2014-10-12 03:00:00,64.9,56.75428571428571
2014-10-12 04:00:00,69.1,58.51428571428571
2014-10-12 05:00:00,74.6,60.857142857142854
2014-10-12 06:00:00,74.2,63.165714285714294
2014-10-12 07:00:00,82.3,64.34571428571427
2014-10-12 08:00:00,85.8,63.245714285714286
2014-10-12 09:00:00,84.1,59.82857142857143
2014-10-12 10:00:00,85.8,55.09714285714286
2014-10-12 11:00:00,82.7,49.36764705882353
2014-10-12 12:00:00,75.8,45.02571428571428
2014-10-12 13:00:00,72.9,41.71388888888888
2014-10-12 14:00:00,69.2,40.008108108108104
2014-10-12 15:00:00,78.6,38.665789473684214
2014-10-12 16:00:00,77.7,39.42972972972973
2014-10-12 17:00:00,76.2,42.14444444444444
2014-10-12 18:00:00,76.1,43.924324324324324
2014-10-12 19:00:00,74.7,47.06756756756757
2014-10-12 20:00:00,71.0,49.567567567567565
2014-10-12 21:00:00,67.8,51.28648648648649
2014-10-12 22:00:00,66.5,51.91111111111111
2014-10-12 23:00:00,65.6,52.625
2014-10-13 00:00:00,65.6,53.166666666666664
2014-10-13 01:00:00,66.8,54.574999999999996
2014-10-13 02:00:00,65.7,55.86944444444444
2014-10-13 03:00:00,64.2,56.75428571428571
2014-10-13 04:00:00,63.3,58.51428571428571
2014-10-13 05:00:00,64.3,60.857142857142854
2014-10-13 06:00:00,72.9,63.165714285714294
2014-10-13 07:00:00,69.5,64.34571428571427
2014-10-13 08:00:00,72.8,63.245714285714286
2014-10-13 09:00:00,75.7,59.82857142857143
2014-10-13 10:00:00,72.6,55.09714285714286
2014-10-13 11:00:00,70.6,49.36764705882353
2014-10-13 12:00:00,66.8,45.02571428571428
2014-10-13 13:00:00,73.6,41.71388888888888
2014-10-13 14:00:00,83.2,40.008108108108104
2014-10-13 15:00:00,87.8,38.665789473684214
2014-10-13 16:00:00,77.4,39.42972972972973
2014-10-13 17:00:00,67.4,42.14444444444444
2014-10-13 18:00:00,67.3,43.924324324324324
2014-10-13 19:00:00,64.6,47.06756756756757
2014-10-13 20:00:00,66.0,49.567567567567565
2014-10-13 21:00:00,69.3,51.28648648648649
2014-10-13 22:00:00,67.9,51.91111111111111
2014-10-13 23:00:00,70.0,52.625
2014-10-14 00:00:00,72.6,53.166666666666664
2014-10-14 01:00:00,69.8,54.574999999999996
2014-10-14 02:00:00,66.3,55.86944444444444
2014-10-14 03:00:00,67.0,56.75428571428571
2014-10-14 04:00:00,67.6,58.51428571428571
2014-10-14 05:00:00,68.1,60.857142857142854
2014-10-14 06:00:00,67.3,63.165714285714294
2014-10-14 07:00:00,65.3,64.34571428571427
2014-10-14 08:00:00,64.8,63.245714285714286
2014-10-14 09:00:00,60.7,59.82857142857143
2014-10-14 10:00:00,57.9,55.09714285714286
2014-10-14 11:00:00,55.9,49.36764705882353
2014-10-14 12:00:00,61.5,45.02571428571428
2014-10-14 13:00:00,58.9,41.71388888888888
2014-10-14 14:00:00,56.5,40.008108108108104
2014-10-14 15:00:00,58.6,38.665789473684214
2014-10-14 16:00:00,59.7,39.42972972972973
2014-10-14 17:00:00,61.5,42.14444444444444
2014-10-14 18:00:00,63.9,43.924324324324324
2014-10-14 19:00:00,66.6,47.06756756756757
2014-10-14 20:00:00,70.0,49.567567567567565
2014-10-14 21:00:00,74.4,51.28648648648649
2014-10-14 22:00:00,73.1,51.91111111111111
2014-10-14 23:00:00,75.3,52.625
2014-10-15 00:00:00,79.9,53.166666666666664
2014-10-15 01:00:00,85.6,54.574999999999996
2014-10-15 02:00:00,87.0,55.86944444444444
2014-10-15 03:00:00,87.5,56.75428571428571
2014-10-15 04:00:00,87.1,58.51428571428571
2014-10-15 05:00:00,87.1,60.857142857142854
2014-10-15 06:00:00,86.9,63.165714285714294
2014-10-15 07:00:00,86.2,64.34571428571427
2014-10-15 08:00:00,84.6,63.245714285714286
2014-10-15 09:00:00,82.7,59.82857142857143
2014-10-15 10:00:00,80.9,55.09714285714286
2014-10-15 11:00:00,75.7,49.36764705882353
2014-10-15 12:00:00,73.1,45.02571428571428
2014-10-15 13:00:00,74.0,41.71388888888888
2014-10-15 14:00:00,74.1,40.008108108108104
2014-10-15 15:00:00,75.5,38.665789473684214
2014-10-15 16:00:00,77.4,39.42972972972973
2014-10-15 17:00:00,79.7,42.14444444444444
2014-10-15 18:00:00,80.2,43.924324324324324
2014-10-15 19:00:00,80.6,47.06756756756757
2014-10-15 20:00:00,80.9,49.567567567567565
2014-10-15 21:00:00,81.7,51.28648648648649
2014-10-15 22:00:00,82.8,51.91111111111111
2014-10-15 23:00:00,83.3,52.625
2014-10-16 00:00:00,83.7,53.166666666666664
2014-10-16 01:00:00,84.6,54.574999999999996
2014-10-16 02:00:00,84.4,55.86944444444444
2014-10-16 03:00:00,84.1,56.75428571428571
2014-10-16 04:00:00,83.7,58.51428571428571
2014-10-16 05:00:00,83.8,60.857142857142854
2014-10-16 06:00:00,83.1,63.165714285714294
2014-10-16 07:00:00,82.6,64.34571428571427
2014-10-16 08:00:00,80.2,63.245714285714286
2014-10-16 09:00:00,76.8,59.82857142857143
2014-10-16 10:00:00,73.9,55.09714285714286
2014-10-16 11:00:00,72.0,49.36764705882353
2014-10-16 12:00:00,69.8,45.02571428571428
2014-10-16 13:00:00,70.6,41.71388888888888
2014-10-16 14:00:00,69.9,40.008108108108104
2014-10-16 15:00:00,70.8,38.665789473684214
2014-10-16 16:00:00,72.4,39.42972972972973
2014-10-16 17:00:00,76.1,42.14444444444444
2014-10-16 18:00:00,78.6,43.924324324324324
2014-10-16 19:00:00,80.8,47.06756756756757
2014-10-16 20:00:00,82.4,49.567567567567565
2014-10-16 21:00:00,83.1,51.28648648648649
2014-10-16 22:00:00,83.2,51.91111111111111
2014-10-16 23:00:00,84.2,52.625
2014-10-17 00:00:00,84.9,53.166666666666664
2014-10-17 01:00:00,85.6,54.574999999999996
2014-10-17 02:00:00,85.5,55.86944444444444
2014-10-17 03:00:00,85.2,56.75428571428571
2014-10-17 04:00:00,84.5,58.51428571428571
2014-10-17 05:00:00,83.1,60.857142857142854
2014-10-17 06:00:00,83.2,63.165714285714294
2014-10-17 07:00:00,82.5,64.34571428571427
2014-10-17 08:00:00,79.2,63.245714285714286
2014-10-17 09:00:00,76.5,59.82857142857143
2014-10-17 10:00:00,74.9,55.09714285714286
2014-10-17 11:00:00,71.6,49.36764705882353
2014-10-17 12:00:00,71.1,45.02571428571428
2014-10-17 13:00:00,69.6,41.71388888888888
2014-10-17 14:00:00,66.5,40.008108108108104
2014-10-17 15:00:00,66.7,38.665789473684214
2014-10-17 16:00:00,71.2,39.42972972972973
2014-10-17 17:00:00,71.7,42.14444444444444
2014-10-17 18:00:00,73.2,43.924324324324324
2014-10-17 19:00:00,73.1,47.06756756756757
2014-10-17 20:00:00,75.6,49.567567567567565
2014-10-17 21:00:00,76.9,51.28648648648649
2014-10-17 22:00:00,78.8,51.91111111111111
2014-10-17 23:00:00,78.6,52.625
2014-10-18 00:00:00,77.4,53.166666666666664
2014-10-18 01:00:00,78.8,54.574999999999996
2014-10-18 02:00:00,79.1,55.86944444444444
2014-10-18 03:00:00,77.7,56.75428571428571
2014-10-18 04:00:00,84.8,58.51428571428571
2014-10-18 05:00:00,86.9,60.857142857142854
2014-10-18 06:00:00,87.4,63.165714285714294
2014-10-18 07:00:00,87.0,64.34571428571427
2014-10-18 08:00:00,86.2,63.245714285714286
2014-10-18 09:00:00,83.3,59.82857142857143
2014-10-18 10:00:00,74.8,55.09714285714286
2014-10-18 11:00:00,63.9,49.36764705882353
2014-10-18 12:00:00,58.7,45.02571428571428
2014-10-18 13:00:00,57.0,41.71388888888888
2014-10-18 14:00:00,59.4,40.008108108108104
2014-10-18 15:00:00,58.8,38.665789473684214
2014-10-18 16:00:00,61.1,39.42972972972973
2014-10-18 17:00:00,72.2,42.14444444444444
2014-10-18 18:00:00,76.1,43.924324324324324
2014-10-18 19:00:00,77.2,47.06756756756757
2014-10-18 20:00:00,77.9,49.567567567567565
2014-10-18 21:00:00,79.4,51.28648648648649
2014-10-18 22:00:00,80.3,51.91111111111111
2014-10-18 23:00:00,81.2,52.625
2014-10-19 00:00:00,83.1,53.166666666666664
2014-10-19 01:00:00,85.1,54.574999999999996
2014-10-19 02:00:00,87.1,55.86944444444444
2014-10-19 03:00:00,87.8,56.75428571428571
2014-10-19 04:00:00,88.3,58.51428571428571
2014-10-19 05:00:00,88.8,60.857142857142854
2014-10-19 06:00:00,88.9,63.165714285714294
2014-10-19 07:00:00,88.6,64.34571428571427
2014-10-19 08:00:00,83.4,63.245714285714286
2014-10-19 09:00:00,76.3,59.82857142857143
2014-10-19 10:00:00,66.3,55.09714285714286
2014-10-19 11:00:00,59.9,49.36764705882353
2014-10-19 12:00:00,52.3,45.02571428571428
2014-10-19 13:00:00,40.7,41.71388888888888
2014-10-19 14:00:00,38.3,40.008108108108104
2014-10-19 15:00:00,37.0,38.665789473684214
2014-10-19 16:00:00,36.4,39.42972972972973
2014-10-19 17:00:00,37.2,42.14444444444444
2014-10-19 18:00:00,39.0,43.924324324324324
2014-10-19 19:00:00,43.2,47.06756756756757
2014-10-19 20:00:00,47.9,49.567567567567565
2014-10-19 21:00:00,55.9,51.28648648648649
2014-10-19 22:00:00,56.2,51.91111111111111
2014-10-19 23:00:00,57.5,52.625
2014-10-20 00:00:00,58.6,53.166666666666664
2014-10-20 01:00:00,60.8,54.574999999999996
2014-10-20 02:00:00,60.6,55.86944444444444
2014-10-20 03:00:00,62.1,56.75428571428571
2014-10-20 04:00:00,63.2,58.51428571428571
2014-10-20 05:00:00,62.4,60.857142857142854
2014-10-20 06:00:00,61.2,63.165714285714294
2014-10-20 07:00:00,58.6,64.34571428571427
2014-10-20 08:00:00,55.6,63.245714285714286
2014-10-20 09:00:00,51.6,59.82857142857143
2014-10-20 10:00:00,48.3,55.09714285714286
2014-10-20 11:00:00,48.3,49.36764705882353
2014-10-20 12:00:00,47.3,45.02571428571428
2014-10-20 13:00:00,43.6,41.71388888888888
2014-10-20 14:00:00,38.4,40.008108108108104
2014-10-20 15:00:00,35.4,38.665789473684214
2014-10-20 16:00:00,35.6,39.42972972972973
2014-10-20 17:00:00,39.7,42.14444444444444
2014-10-20 18:00:00,41.4,43.924324324324324
2014-10-20 19:00:00,40.4,47.06756756756757
2014-10-20 20:00:00,42.0,49.567567567567565
2014-10-20 21:00:00,45.4,51.28648648648649
2014-10-20 22:00:00,47.1,51.91111111111111
2014-10-20 23:00:00,48.5,52.625
2014-10-21 00:00:00,51.6,53.166666666666664
2014-10-21 01:00:00,54.4,54.574999999999996
2014-10-21 02:00:00,55.9,55.86944444444444
2014-10-21 03:00:00,56.3,56.75428571428571
2014-10-21 04:00:00,59.1,58.51428571428571
2014-10-21 05:00:00,59.6,60.857142857142854
2014-10-21 06:00:00,56.6,63.165714285714294
2014-10-21 07:00:00,58.2,64.34571428571427
2014-10-21 08:00:00,56.7,63.245714285714286
2014-10-21 09:00:00,51.9,59.82857142857143
2014-10-21 10:00:00,48.3,55.09714285714286
2014-10-21 11:00:00,43.1,49.36764705882353
2014-10-21 12:00:00,33.4,45.02571428571428
2014-10-21 13:00:00,31.4,41.71388888888888
2014-10-21 14:00:00,34.7,40.008108108108104
2014-10-21 15:00:00,36.9,38.665789473684214
2014-10-21 16:00:00,40.3,39.42972972972973
2014-10-21 17:00:00,41.9,42.14444444444444
2014-10-21 18:00:00,37.1,43.924324324324324
2014-10-21 19:00:00,35.4,47.06756756756757
2014-10-21 20:00:00,36.9,49.567567567567565
2014-10-21 21:00:00,37.8,51.28648648648649
2014-10-21 22:00:00,38.5,51.91111111111111
2014-10-21 23:00:00,36.4,52.625
2014-10-22 00:00:00,34.3,53.166666666666664
2014-10-22 01:00:00,42.2,54.574999999999996
2014-10-22 02:00:00,50.0,55.86944444444444
2014-10-22 03:00:00,51.7,56.75428571428571
2014-10-22 04:00:00,45.1,58.51428571428571
2014-10-22 05:00:00,35.8,60.857142857142854
2014-10-22 06:00:00,31.6,63.165714285714294
2014-10-22 07:00:00,32.3,64.34571428571427
2014-10-22 08:00:00,34.0,63.245714285714286
2014-10-22 09:00:00,44.7,59.82857142857143
2014-10-22 10:00:00,42.7,55.09714285714286
2014-10-22 11:00:00,30.9,49.36764705882353
2014-10-22 12:00:00,31.8,45.02571428571428
2014-10-22 13:00:00,27.8,41.71388888888888
2014-10-22 14:00:00,25.2,40.008108108108104
2014-10-22 15:00:00,25.8,38.665789473684214
2014-10-22 16:00:00,30.3,39.42972972972973
2014-10-22 17:00:00,36.6,42.14444444444444
2014-10-22 18:00:00,35.9,43.924324324324324
2014-10-22 19:00:00,34.2,47.06756756756757
2014-10-22 20:00:00,31.2,49.567567567567565
2014-10-22 21:00:00,30.3,51.28648648648649
2014-10-22 22:00:00,38.4,51.91111111111111
2014-10-22 23:00:00,36.0,52.625
2014-10-23 00:00:00,35.5,53.166666666666664
2014-10-23 01:00:00,38.3,54.574999999999996
2014-10-23 02:00:00,40.2,55.86944444444444
2014-10-23 03:00:00,40.6,56.75428571428571
2014-10-23 04:00:00,41.1,58.51428571428571
2014-10-23 05:00:00,46.9,60.857142857142854
2014-10-23 06:00:00,47.9,63.165714285714294
2014-10-23 07:00:00,44.3,64.34571428571427
2014-10-23 08:00:00,42.5,63.245714285714286
2014-10-23 09:00:00,38.3,59.82857142857143
2014-10-23 10:00:00,34.7,55.09714285714286
2014-10-23 11:00:00,33.3,49.36764705882353
2014-10-23 12:00:00,29.5,45.02571428571428
2014-10-23 13:00:00,27.1,41.71388888888888
2014-10-23 14:00:00,23.1,40.008108108108104
2014-10-23 15:00:00,25.1,38.665789473684214
2014-10-23 16:00:00,24.4,39.42972972972973
2014-10-23 17:00:00,24.0,42.14444444444444
2014-10-23 18:00:00,25.7,43.924324324324324
2014-10-23 19:00:00,25.1,47.06756756756757
2014-10-23 20:00:00,25.3,49.567567567567565
2014-10-23 21:00:00,24.8,51.28648648648649
2014-10-23 22:00:00,26.0,51.91111111111111
2014-10-23 23:00:00,27.4,52.625
2014-10-24 00:00:00,39.8,53.166666666666664
2014-10-24 01:00:00,49.1,54.574999999999996
2014-10-24 02:00:00,48.2,55.86944444444444
2014-10-24 03:00:00,47.9,56.75428571428571
2014-10-24 04:00:00,50.8,58.51428571428571
2014-10-24 05:00:00,59.7,60.857142857142854
2014-10-24 06:00:00,59.6,63.165714285714294
2014-10-24 07:00:00,45.9,64.34571428571427
2014-10-24 08:00:00,41.8,63.245714285714286
2014-10-24 09:00:00,38.6,59.82857142857143
2014-10-24 10:00:00,35.4,55.09714285714286
2014-10-24 11:00:00,33.1,49.36764705882353
2014-10-24 12:00:00,33.1,45.02571428571428
2014-10-24 13:00:00,35.3,41.71388888888888
2014-10-24 14:00:00,36.4,40.008108108108104
2014-10-24 15:00:00,35.4,38.665789473684214
2014-10-24 16:00:00,37.5,39.42972972972973
2014-10-24 17:00:00,37.6,42.14444444444444
2014-10-24 18:00:00,38.7,43.924324324324324
2014-10-24 19:00:00,40.5,47.06756756756757
2014-10-24 20:00:00,40.6,49.567567567567565
2014-10-24 21:00:00,43.1,51.28648648648649
2014-10-24 22:00:00,46.1,51.91111111111111
2014-10-24 23:00:00,47.6,52.625
2014-10-25 00:00:00,53.9,53.166666666666664
2014-10-25 01:00:00,54.5,54.574999999999996
2014-10-25 02:00:00,54.9,55.86944444444444
2014-10-25 03:00:00,58.1,56.75428571428571
2014-10-25 04:00:00,57.4,58.51428571428571
2014-10-25 05:00:00,57.4,60.857142857142854
2014-10-25 06:00:00,57.3,63.165714285714294
2014-10-25 07:00:00,59.7,64.34571428571427
2014-10-25 08:00:00,59.0,63.245714285714286
2014-10-25 09:00:00,56.5,59.82857142857143
2014-10-25 10:00:00,54.7,55.09714285714286
2014-10-25 11:00:00,47.8,49.36764705882353
2014-10-25 12:00:00,33.5,45.02571428571428
2014-10-25 13:00:00,29.7,41.71388888888888
2014-10-25 14:00:00,31.8,40.008108108108104
2014-10-25 15:00:00,31.9,38.665789473684214
2014-10-25 16:00:00,34.8,39.42972972972973
2014-10-25 17:00:00,45.1,42.14444444444444
2014-10-25 18:00:00,53.3,43.924324324324324
2014-10-25 19:00:00,56.4,47.06756756756757
2014-10-25 20:00:00,58.1,49.567567567567565
2014-10-25 21:00:00,63.7,51.28648648648649
2014-10-25 22:00:00,71.0,51.91111111111111
2014-10-25 23:00:00,70.8,52.625
2014-10-26 00:00:00,63.9,53.166666666666664
2014-10-26 01:00:00,64.9,54.574999999999996
2014-10-26 02:00:00,71.3,55.86944444444444
2014-10-26 03:00:00,77.7,56.75428571428571
2014-10-26 04:00:00,79.6,58.51428571428571
2014-10-26 05:00:00,79.5,60.857142857142854
2014-10-26 06:00:00,77.9,63.165714285714294
2014-10-26 07:00:00,75.4,64.34571428571427
2014-10-26 08:00:00,69.7,63.245714285714286
2014-10-26 09:00:00,65.5,59.82857142857143
2014-10-26 10:00:00,58.8,55.09714285714286
2014-10-26 11:00:00,55.0,49.36764705882353
2014-10-26 12:00:00,53.0,45.02571428571428
2014-10-26 13:00:00,48.3,41.71388888888888
2014-10-26 14:00:00,44.5,40.008108108108104
2014-10-26 15:00:00,42.3,38.665789473684214
2014-10-26 16:00:00,45.2,39.42972972972973
2014-10-26 17:00:00,58.4,42.14444444444444
2014-10-26 18:00:00,62.2,43.924324324324324
2014-10-26 19:00:00,62.1,47.06756756756757
2014-10-26 20:00:00,62.3,49.567567567567565
2014-10-26 21:00:00,61.8,51.28648648648649
2014-10-26 22:00:00,62.6,51.91111111111111
2014-10-26 23:00:00,62.2,52.625
2014-10-27 00:00:00,64.2,53.166666666666664
2014-10-27 01:00:00,63.3,54.574999999999996
2014-10-27 02:00:00,68.6,55.86944444444444
2014-10-27 03:00:00,75.0,56.75428571428571
2014-10-27 04:00:00,78.6,58.51428571428571
2014-10-27 05:00:00,81.9,60.857142857142854
2014-10-27 06:00:00,83.1,63.165714285714294
2014-10-27 07:00:00,84.8,64.34571428571427
2014-10-27 08:00:00,84.4,63.245714285714286
2014-10-27 09:00:00,74.4,59.82857142857143
2014-10-27 10:00:00,65.0,55.09714285714286
2014-10-27 11:00:00,59.9,49.36764705882353
2014-10-27 12:00:00,53.9,45.02571428571428
2014-10-27 13:00:00,51.9,41.71388888888888
2014-10-27 14:00:00,50.6,40.008108108108104
2014-10-27 15:00:00,53.3,38.665789473684214
2014-10-27 16:00:00,57.9,39.42972972972973
2014-10-27 17:00:00,57.1,42.14444444444444
2014-10-27 18:00:00,55.8,43.924324324324324
2014-10-27 19:00:00,56.2,47.06756756756757
2014-10-27 20:00:00,55.9,49.567567567567565
2014-10-27 21:00:00,68.5,51.28648648648649
2014-10-27 22:00:00,68.6,51.91111111111111
2014-10-27 23:00:00,68.3,52.625
2014-10-28 00:00:00,68.6,53.166666666666664
2014-10-28 01:00:00,69.7,54.574999999999996
2014-10-28 02:00:00,71.4,55.86944444444444
2014-10-28 03:00:00,71.6,56.75428571428571
2014-10-28 04:00:00,75.2,58.51428571428571
2014-10-28 05:00:00,76.0,60.857142857142854
2014-10-28 06:00:00,73.7,63.165714285714294
2014-10-28 07:00:00,74.8,64.34571428571427
2014-10-28 08:00:00,73.7,63.245714285714286
2014-10-28 09:00:00,72.9,59.82857142857143
2014-10-28 10:00:00,70.7,55.09714285714286
2014-10-28 11:00:00,68.0,49.36764705882353
2014-10-28 12:00:00,66.9,45.02571428571428
2014-10-28 13:00:00,64.3,41.71388888888888
2014-10-28 14:00:00,57.6,40.008108108108104
2014-10-28 15:00:00,54.7,38.665789473684214
2014-10-28 16:00:00,56.7,39.42972972972973
2014-10-28 17:00:00,57.2,42.14444444444444
2014-10-28 18:00:00,57.1,43.924324324324324
2014-10-28 19:00:00,57.5,47.06756756756757
2014-10-28 20:00:00,61.4,49.567567567567565
2014-10-28 21:00:00,59.6,51.28648648648649
2014-10-28 22:00:00,63.5,51.91111111111111
2014-10-28 23:00:00,64.5,52.625
2014-10-29 00:00:00,65.4,53.166666666666664
2014-10-29 01:00:00,68.3,54.574999999999996
2014-10-29 02:00:00,70.1,55.86944444444444
2014-10-29 03:00:00,70.6,56.75428571428571
2014-10-29 04:00:00,72.1,58.51428571428571
2014-10-29 05:00:00,75.1,60.857142857142854
2014-10-29 06:00:00,77.0,63.165714285714294
2014-10-29 07:00:00,77.0,64.34571428571427
2014-10-29 08:00:00,71.4,63.245714285714286
2014-10-29 09:00:00,66.3,59.82857142857143
2014-10-29 10:00:00,65.9,55.09714285714286
2014-10-29 11:00:00,61.8,49.36764705882353
2014-10-29 12:00:00,58.2,45.02571428571428
2014-10-29 13:00:00,57.2,41.71388888888888
2014-10-29 14:00:00,51.7,40.008108108108104
2014-10-29 15:00:00,47.5,38.665789473684214
2014-10-29 16:00:00,47.2,39.42972972972973
2014-10-29 17:00:00,50.2,42.14444444444444
2014-10-29 18:00:00,51.8,43.924324324324324
2014-10-29 19:00:00,53.0,47.06756756756757
2014-10-29 20:00:00,56.2,49.567567567567565
2014-10-29 21:00:00,57.4,51.28648648648649
2014-10-29 22:00:00,62.2,51.91111111111111
2014-10-29 23:00:00,65.3,52.625
2014-10-30 00:00:00,67.0,53.166666666666664
2014-10-30 01:00:00,70.5,54.574999999999996
2014-10-30 02:00:00,71.7,55.86944444444444
2014-10-30 03:00:00,72.3,56.75428571428571
2014-10-30 04:00:00,73.2,58.51428571428571
2014-10-30 05:00:00,72.1,60.857142857142854
2014-10-30 06:00:00,72.2,63.165714285714294
2014-10-30 07:00:00,74.3,64.34571428571427
2014-10-30 08:00:00,71.5,63.245714285714286
2014-10-30 09:00:00,66.1,59.82857142857143
2014-10-30 10:00:00,60.7,55.09714285714286
2014-10-30 11:00:00,54.8,49.36764705882353
2014-10-30 12:00:00,46.9,45.02571428571428
2014-10-30 13:00:00,40.2,41.71388888888888
2014-10-30 14:00:00,37.7,40.008108108108104
2014-10-30 15:00:00,35.8,38.665789473684214
2014-10-30 16:00:00,37.6,39.42972972972973
2014-10-30 17:00:00,40.3,42.14444444444444
2014-10-30 18:00:00,41.6,43.924324324324324
2014-10-30 19:00:00,44.4,47.06756756756757
2014-10-30 20:00:00,51.3,49.567567567567565
2014-10-30 21:00:00,52.6,51.28648648648649
2014-10-30 22:00:00,51.5,51.91111111111111
2014-10-30 23:00:00,46.3,52.625
2014-10-31 00:00:00,50.0,53.166666666666664
2014-10-31 01:00:00,60.6,54.574999999999996
2014-10-31 02:00:00,68.0,55.86944444444444
2014-10-31 03:00:00,69.1,56.75428571428571
2014-10-31 04:00:00,69.8,58.51428571428571
2014-10-31 05:00:00,74.4,60.857142857142854
2014-10-31 06:00:00,75.2,63.165714285714294
2014-10-31 07:00:00,74.1,64.34571428571427
2014-10-31 08:00:00,70.2,63.245714285714286
2014-10-31 09:00:00,68.5,59.82857142857143
2014-10-31 10:00:00,60.4,55.09714285714286
2014-10-31 11:00:00,48.4,49.36764705882353
2014-10-31 12:00:00,44.9,45.02571428571428
2014-10-31 13:00:00,57.2,41.71388888888888
2014-10-31 14:00:00,61.2,40.008108108108104
2014-10-31 15:00:00,61.5,38.665789473684214
2014-10-31 16:00:00,64.7,39.42972972972973
2014-10-31 17:00:00,68.5,42.14444444444444
2014-10-31 18:00:00,70.9,43.924324324324324
2014-10-31 19:00:00,74.3,47.06756756756757
2014-10-31 20:00:00,76.3,49.567567567567565
2014-10-31 21:00:00,77.5,51.28648648648649
2014-10-31 22:00:00,78.9,51.91111111111111
2014-10-31 23:00:00,79.7,52.625
2014-11-01 00:00:00,77.2,64.14
2014-11-01 01:00:00,77.9,65.14333333333333
2014-11-01 02:00:00,78.9,66.3
2014-11-01 03:00:00,79.0,67.14666666666666
2014-11-01 04:00:00,80.5,68.02666666666667
2014-11-01 05:00:00,79.8,68.49333333333334
2014-11-01 06:00:00,78.2,68.3
2014-11-01 07:00:00,78.7,68.55666666666666
2014-11-01 08:00:00,78.3,66.41
2014-11-01 09:00:00,79.4,62.28666666666666
2014-11-01 10:00:00,76.3,58.486666666666665
2014-11-01 11:00:00,69.3,54.61333333333334
2014-11-01 12:00:00,61.9,51.59
2014-11-01 13:00:00,60.6,49.48
2014-11-01 14:00:00,63.2,48.99
2014-11-01 15:00:00,60.3,50.10666666666667
2014-11-01 16:00:00,63.9,52.973333333333336
2014-11-01 17:00:00,66.3,57.673333333333325
2014-11-01 18:00:00,67.2,60.49666666666667
2014-11-01 19:00:00,66.8,60.733333333333334
2014-11-01 20:00:00,69.2,61.61379310344827
2014-11-01 21:00:00,71.1,60.633333333333326
2014-11-01 22:00:00,69.4,60.46333333333334
2014-11-01 23:00:00,67.6,61.553333333333335
2014-11-02 00:00:00,66.3,64.14
2014-11-02 01:00:00,66.9,65.14333333333333
2014-11-02 02:00:00,67.8,66.3
2014-11-02 03:00:00,69.5,67.14666666666666
2014-11-02 04:00:00,70.8,68.02666666666667
2014-11-02 05:00:00,71.4,68.49333333333334
2014-11-02 06:00:00,71.8,68.3
2014-11-02 07:00:00,71.3,68.55666666666666
2014-11-02 08:00:00,69.3,66.41
2014-11-02 09:00:00,65.4,62.28666666666666
2014-11-02 10:00:00,57.7,58.486666666666665
2014-11-02 11:00:00,48.7,54.61333333333334
2014-11-02 12:00:00,50.3,51.59
2014-11-02 13:00:00,51.0,49.48
2014-11-02 14:00:00,50.3,48.99
2014-11-02 15:00:00,54.5,50.10666666666667
2014-11-02 16:00:00,57.3,52.973333333333336
2014-11-02 17:00:00,60.9,57.673333333333325
2014-11-02 18:00:00,64.7,60.49666666666667
2014-11-02 19:00:00,67.1,60.733333333333334
2014-11-02 20:00:00,68.0,61.61379310344827
2014-11-02 21:00:00,69.0,60.633333333333326
2014-11-02 22:00:00,72.2,60.46333333333334
2014-11-02 23:00:00,73.2,61.553333333333335
2014-11-03 00:00:00,71.5,64.14
2014-11-03 01:00:00,69.1,65.14333333333333
2014-11-03 02:00:00,67.2,66.3
2014-11-03 03:00:00,67.1,67.14666666666666
2014-11-03 04:00:00,66.0,68.02666666666667
2014-11-03 05:00:00,65.1,68.49333333333334
2014-11-03 06:00:00,65.3,68.3
2014-11-03 07:00:00,71.1,68.55666666666666
2014-11-03 08:00:00,74.8,66.41
2014-11-03 09:00:00,66.0,62.28666666666666
2014-11-03 10:00:00,60.3,58.486666666666665
2014-11-03 11:00:00,60.3,54.61333333333334
2014-11-03 12:00:00,60.3,51.59
2014-11-03 13:00:00,62.9,49.48
2014-11-03 14:00:00,69.4,48.99
2014-11-03 15:00:00,71.4,50.10666666666667
2014-11-03 16:00:00,68.5,52.973333333333336
2014-11-03 17:00:00,78.0,57.673333333333325
2014-11-03 18:00:00,82.2,60.49666666666667
2014-11-03 19:00:00,78.2,60.733333333333334
2014-11-03 20:00:00,83.5,61.61379310344827
2014-11-03 21:00:00,85.5,60.633333333333326
2014-11-03 22:00:00,80.3,60.46333333333334
2014-11-03 23:00:00,81.9,61.553333333333335
2014-11-04 00:00:00,82.3,64.14
2014-11-04 01:00:00,77.2,65.14333333333333
2014-11-04 02:00:00,68.5,66.3
2014-11-04 03:00:00,67.9,67.14666666666666
2014-11-04 04:00:00,69.2,68.02666666666667
2014-11-04 05:00:00,71.4,68.49333333333334
2014-11-04 06:00:00,57.7,68.3
2014-11-04 07:00:00,59.2,68.55666666666666
2014-11-04 08:00:00,71.3,66.41
2014-11-04 09:00:00,69.0,62.28666666666666
2014-11-04 10:00:00,56.5,58.486666666666665
2014-11-04 11:00:00,51.0,54.61333333333334
2014-11-04 12:00:00,58.2,51.59
2014-11-04 13:00:00,53.2,49.48
2014-11-04 14:00:00,53.3,48.99
2014-11-04 15:00:00,54.7,50.10666666666667
2014-11-04 16:00:00,70.0,52.973333333333336
2014-11-04 17:00:00,72.2,57.673333333333325
2014-11-04 18:00:00,73.8,60.49666666666667
2014-11-04 19:00:00,71.6,60.733333333333334
2014-11-04 20:00:00,65.6,61.61379310344827
2014-11-04 21:00:00,62.7,60.633333333333326
2014-11-04 22:00:00,59.4,60.46333333333334
2014-11-04 23:00:00,58.5,61.553333333333335
2014-11-05 00:00:00,64.0,64.14
2014-11-05 01:00:00,64.4,65.14333333333333
2014-11-05 02:00:00,66.2,66.3
2014-11-05 03:00:00,66.2,67.14666666666666
2014-11-05 04:00:00,68.7,68.02666666666667
2014-11-05 05:00:00,66.8,68.49333333333334
2014-11-05 06:00:00,66.1,68.3
2014-11-05 07:00:00,63.8,68.55666666666666
2014-11-05 08:00:00,63.3,66.41
2014-11-05 09:00:00,62.6,62.28666666666666
2014-11-05 10:00:00,57.6,58.486666666666665
2014-11-05 11:00:00,48.2,54.61333333333334
2014-11-05 12:00:00,44.5,51.59
2014-11-05 13:00:00,47.7,49.48
2014-11-05 14:00:00,45.0,48.99
2014-11-05 15:00:00,48.3,50.10666666666667
2014-11-05 16:00:00,51.6,52.973333333333336
2014-11-05 17:00:00,58.6,57.673333333333325
2014-11-05 18:00:00,60.4,60.49666666666667
2014-11-05 19:00:00,60.5,60.733333333333334
2014-11-05 20:00:00,61.1,61.61379310344827
2014-11-05 21:00:00,63.2,60.633333333333326
2014-11-05 22:00:00,63.1,60.46333333333334
2014-11-05 23:00:00,63.2,61.553333333333335
2014-11-06 00:00:00,65.4,64.14
2014-11-06 01:00:00,66.4,65.14333333333333
2014-11-06 02:00:00,68.4,66.3
2014-11-06 03:00:00,67.1,67.14666666666666
2014-11-06 04:00:00,67.8,68.02666666666667
2014-11-06 05:00:00,68.5,68.49333333333334
2014-11-06 06:00:00,66.5,68.3
2014-11-06 07:00:00,65.7,68.55666666666666
2014-11-06 08:00:00,60.4,66.41
2014-11-06 09:00:00,57.9,62.28666666666666
2014-11-06 10:00:00,60.3,58.486666666666665
2014-11-06 11:00:00,60.5,54.61333333333334
2014-11-06 12:00:00,58.6,51.59
2014-11-06 13:00:00,62.7,49.48
2014-11-06 14:00:00,64.9,48.99
2014-11-06 15:00:00,76.5,50.10666666666667
2014-11-06 16:00:00,76.2,52.973333333333336
2014-11-06 17:00:00,78.6,57.673333333333325
2014-11-06 18:00:00,82.7,60.49666666666667
2014-11-06 19:00:00,75.6,60.733333333333334
2014-11-06 20:00:00,74.7,61.61379310344827
2014-11-06 21:00:00,81.2,60.633333333333326
2014-11-06 22:00:00,81.7,60.46333333333334
2014-11-06 23:00:00,80.9,61.553333333333335
2014-11-07 00:00:00,79.8,64.14
2014-11-07 01:00:00,80.2,65.14333333333333
2014-11-07 02:00:00,83.8,66.3
2014-11-07 03:00:00,86.7,67.14666666666666
2014-11-07 04:00:00,86.2,68.02666666666667
2014-11-07 05:00:00,80.6,68.49333333333334
2014-11-07 06:00:00,82.1,68.3
2014-11-07 07:00:00,81.5,68.55666666666666
2014-11-07 08:00:00,78.0,66.41
2014-11-07 09:00:00,70.7,62.28666666666666
2014-11-07 10:00:00,64.3,58.486666666666665
2014-11-07 11:00:00,57.4,54.61333333333334
2014-11-07 12:00:00,57.4,51.59
2014-11-07 13:00:00,57.2,49.48
2014-11-07 14:00:00,55.0,48.99
2014-11-07 15:00:00,51.1,50.10666666666667
2014-11-07 16:00:00,47.8,52.973333333333336
2014-11-07 17:00:00,49.6,57.673333333333325
2014-11-07 18:00:00,50.8,60.49666666666667
2014-11-07 19:00:00,53.7,60.733333333333334
2014-11-07 20:00:00,58.6,61.61379310344827
2014-11-07 21:00:00,67.2,60.633333333333326
2014-11-07 22:00:00,65.4,60.46333333333334
2014-11-07 23:00:00,67.7,61.553333333333335
2014-11-08 00:00:00,67.7,64.14
2014-11-08 01:00:00,68.3,65.14333333333333
2014-11-08 02:00:00,67.7,66.3
2014-11-08 03:00:00,68.3,67.14666666666666
2014-11-08 04:00:00,71.4,68.02666666666667
2014-11-08 05:00:00,72.3,68.49333333333334
2014-11-08 06:00:00,71.3,68.3
2014-11-08 07:00:00,73.1,68.55666666666666
2014-11-08 08:00:00,72.7,66.41
2014-11-08 09:00:00,74.1,62.28666666666666
2014-11-08 10:00:00,65.8,58.486666666666665
2014-11-08 11:00:00,61.9,54.61333333333334
2014-11-08 12:00:00,64.2,51.59
2014-11-08 13:00:00,67.1,49.48
2014-11-08 14:00:00,75.8,48.99
2014-11-08 15:00:00,79.9,50.10666666666667
2014-11-08 16:00:00,72.9,52.973333333333336
2014-11-08 17:00:00,67.1,57.673333333333325
2014-11-08 18:00:00,68.6,60.49666666666667
2014-11-08 19:00:00,68.5,60.733333333333334
2014-11-08 20:00:00,66.9,61.61379310344827
2014-11-08 21:00:00,69.0,60.633333333333326
2014-11-08 22:00:00,63.1,60.46333333333334
2014-11-08 23:00:00,65.5,61.553333333333335
2014-11-09 00:00:00,67.1,64.14
2014-11-09 01:00:00,65.8,65.14333333333333
2014-11-09 02:00:00,64.5,66.3
2014-11-09 03:00:00,63.9,67.14666666666666
2014-11-09 04:00:00,66.2,68.02666666666667
2014-11-09 05:00:00,67.7,68.49333333333334
2014-11-09 06:00:00,65.6,68.3
2014-11-09 07:00:00,68.3,68.55666666666666
2014-11-09 08:00:00,64.5,66.41
2014-11-09 09:00:00,61.2,62.28666666666666
2014-11-09 10:00:00,58.2,58.486666666666665
2014-11-09 11:00:00,62.5,54.61333333333334
2014-11-09 12:00:00,59.8,51.59
2014-11-09 13:00:00,55.9,49.48
2014-11-09 14:00:00,50.0,48.99
2014-11-09 15:00:00,53.6,50.10666666666667
2014-11-09 16:00:00,58.6,52.973333333333336
2014-11-09 17:00:00,60.9,57.673333333333325
2014-11-09 18:00:00,61.9,60.49666666666667
2014-11-09 19:00:00,63.2,60.733333333333334
2014-11-09 20:00:00,67.5,61.61379310344827
2014-11-09 21:00:00,67.8,60.633333333333326
2014-11-09 22:00:00,66.3,60.46333333333334
2014-11-09 23:00:00,66.1,61.553333333333335
2014-11-10 00:00:00,66.0,64.14
2014-11-10 01:00:00,66.1,65.14333333333333
2014-11-10 02:00:00,69.0,66.3
2014-11-10 03:00:00,71.0,67.14666666666666
2014-11-10 04:00:00,73.2,68.02666666666667
2014-11-10 05:00:00,74.0,68.49333333333334
2014-11-10 06:00:00,72.4,68.3
2014-11-10 07:00:00,70.8,68.55666666666666
2014-11-10 08:00:00,69.2,66.41
2014-11-10 09:00:00,70.5,62.28666666666666
2014-11-10 10:00:00,76.8,58.486666666666665
2014-11-10 11:00:00,82.4,54.61333333333334
2014-11-10 12:00:00,86.9,51.59
2014-11-10 13:00:00,88.1,49.48
2014-11-10 14:00:00,88.8,48.99
2014-11-10 15:00:00,88.6,50.10666666666667
2014-11-10 16:00:00,88.4,52.973333333333336
2014-11-10 17:00:00,87.7,57.673333333333325
2014-11-10 18:00:00,87.9,60.49666666666667
2014-11-10 19:00:00,88.8,60.733333333333334
2014-11-10 20:00:00,88.3,61.61379310344827
2014-11-10 21:00:00,86.3,60.633333333333326
2014-11-10 22:00:00,86.1,60.46333333333334
2014-11-10 23:00:00,86.6,61.553333333333335
2014-11-11 00:00:00,87.5,64.14
2014-11-11 01:00:00,84.8,65.14333333333333
2014-11-11 02:00:00,84.5,66.3
2014-11-11 03:00:00,86.2,67.14666666666666
2014-11-11 04:00:00,82.0,68.02666666666667
2014-11-11 05:00:00,78.6,68.49333333333334
2014-11-11 06:00:00,77.8,68.3
2014-11-11 07:00:00,67.7,68.55666666666666
2014-11-11 08:00:00,67.8,66.41
2014-11-11 09:00:00,71.7,62.28666666666666
2014-11-11 10:00:00,65.8,58.486666666666665
2014-11-11 11:00:00,62.3,54.61333333333334
2014-11-11 12:00:00,55.1,51.59
2014-11-11 13:00:00,62.5,49.48
2014-11-11 14:00:00,60.3,48.99
2014-11-11 15:00:00,60.7,50.10666666666667
2014-11-11 16:00:00,65.9,52.973333333333336
2014-11-11 17:00:00,63.5,57.673333333333325
2014-11-11 18:00:00,63.4,60.49666666666667
2014-11-11 19:00:00,66.7,60.733333333333334
2014-11-11 20:00:00,67.3,61.61379310344827
2014-11-11 21:00:00,66.3,60.633333333333326
2014-11-11 22:00:00,70.5,60.46333333333334
2014-11-11 23:00:00,75.6,61.553333333333335
2014-11-12 00:00:00,78.2,64.14
2014-11-12 01:00:00,73.7,65.14333333333333
2014-11-12 02:00:00,75.0,66.3
2014-11-12 03:00:00,80.7,67.14666666666666
2014-11-12 04:00:00,84.9,68.02666666666667
2014-11-12 05:00:00,82.4,68.49333333333334
2014-11-12 06:00:00,81.4,68.3
2014-11-12 07:00:00,79.8,68.55666666666666
2014-11-12 08:00:00,78.1,66.41
2014-11-12 09:00:00,67.5,62.28666666666666
2014-11-12 10:00:00,64.6,58.486666666666665
2014-11-12 11:00:00,62.2,54.61333333333334
2014-11-12 12:00:00,60.3,51.59
2014-11-12 13:00:00,61.6,49.48
2014-11-12 14:00:00,63.4,48.99
2014-11-12 15:00:00,64.0,50.10666666666667
2014-11-12 16:00:00,67.4,52.973333333333336
2014-11-12 17:00:00,71.4,57.673333333333325
2014-11-12 18:00:00,72.9,60.49666666666667
2014-11-12 19:00:00,77.2,60.733333333333334
2014-11-12 20:00:00,79.4,61.61379310344827
2014-11-12 21:00:00,74.3,60.633333333333326
2014-11-12 22:00:00,74.1,60.46333333333334
2014-11-12 23:00:00,76.3,61.553333333333335
2014-11-13 00:00:00,76.4,64.14
2014-11-13 01:00:00,77.6,65.14333333333333
2014-11-13 02:00:00,80.9,66.3
2014-11-13 03:00:00,80.8,67.14666666666666
2014-11-13 04:00:00,79.8,68.02666666666667
2014-11-13 05:00:00,79.1,68.49333333333334
2014-11-13 06:00:00,79.7,68.3
2014-11-13 07:00:00,82.0,68.55666666666666
2014-11-13 08:00:00,80.7,66.41
2014-11-13 09:00:00,80.9,62.28666666666666
2014-11-13 10:00:00,82.1,58.486666666666665
2014-11-13 11:00:00,85.6,54.61333333333334
2014-11-13 12:00:00,85.3,51.59
2014-11-13 13:00:00,87.5,49.48
2014-11-13 14:00:00,85.0,48.99
2014-11-13 15:00:00,82.2,50.10666666666667
2014-11-13 16:00:00,83.6,52.973333333333336
2014-11-13 17:00:00,86.2,57.673333333333325
2014-11-13 18:00:00,87.1,60.49666666666667
2014-11-13 19:00:00,84.8,60.733333333333334
2014-11-13 20:00:00,77.9,61.61379310344827
2014-11-13 21:00:00,76.4,60.633333333333326
2014-11-13 22:00:00,77.4,60.46333333333334
2014-11-13 23:00:00,76.7,61.553333333333335
2014-11-14 00:00:00,75.0,64.14
2014-11-14 01:00:00,77.3,65.14333333333333
2014-11-14 02:00:00,82.8,66.3
2014-11-14 03:00:00,85.3,67.14666666666666
2014-11-14 04:00:00,85.7,68.02666666666667
2014-11-14 05:00:00,82.0,68.49333333333334
2014-11-14 06:00:00,72.5,68.3
2014-11-14 07:00:00,74.8,68.55666666666666
2014-11-14 08:00:00,68.6,66.41
2014-11-14 09:00:00,63.5,62.28666666666666
2014-11-14 10:00:00,60.1,58.486666666666665
2014-11-14 11:00:00,57.6,54.61333333333334
2014-11-14 12:00:00,60.3,51.59
2014-11-14 13:00:00,49.6,49.48
2014-11-14 14:00:00,48.3,48.99
2014-11-14 15:00:00,50.8,50.10666666666667
2014-11-14 16:00:00,56.3,52.973333333333336
2014-11-14 17:00:00,64.0,57.673333333333325
2014-11-14 18:00:00,71.7,60.49666666666667
2014-11-14 19:00:00,74.6,60.733333333333334
2014-11-14 20:00:00,72.1,61.61379310344827
2014-11-14 21:00:00,71.5,60.633333333333326
2014-11-14 22:00:00,72.8,60.46333333333334
2014-11-14 23:00:00,65.5,61.553333333333335
2014-11-15 00:00:00,68.5,64.14
2014-11-15 01:00:00,67.9,65.14333333333333
2014-11-15 02:00:00,66.1,66.3
2014-11-15 03:00:00,67.2,67.14666666666666
2014-11-15 04:00:00,64.4,68.02666666666667
2014-11-15 05:00:00,66.7,68.49333333333334
2014-11-15 06:00:00,64.9,68.3
2014-11-15 07:00:00,64.4,68.55666666666666
2014-11-15 08:00:00,66.1,66.41
2014-11-15 09:00:00,69.9,62.28666666666666
2014-11-15 10:00:00,76.3,58.486666666666665
2014-11-15 11:00:00,65.7,54.61333333333334
2014-11-15 12:00:00,67.0,51.59
2014-11-15 13:00:00,69.8,49.48
2014-11-15 14:00:00,67.0,48.99
2014-11-15 15:00:00,74.0,50.10666666666667
2014-11-15 16:00:00,65.8,52.973333333333336
2014-11-15 17:00:00,68.3,57.673333333333325
2014-11-15 18:00:00,71.2,60.49666666666667
2014-11-15 19:00:00,72.4,60.733333333333334
2014-11-15 20:00:00,77.0,61.61379310344827
2014-11-15 21:00:00,77.7,60.633333333333326
2014-11-15 22:00:00,73.3,60.46333333333334
2014-11-15 23:00:00,71.2,61.553333333333335
2014-11-16 00:00:00,70.7,64.14
2014-11-16 01:00:00,71.7,65.14333333333333
2014-11-16 02:00:00,70.3,66.3
2014-11-16 03:00:00,71.2,67.14666666666666
2014-11-16 04:00:00,72.6,68.02666666666667
2014-11-16 05:00:00,69.1,68.49333333333334
2014-11-16 06:00:00,73.9,68.3
2014-11-16 07:00:00,72.3,68.55666666666666
2014-11-16 08:00:00,69.7,66.41
2014-11-16 09:00:00,62.3,62.28666666666666
2014-11-16 10:00:00,60.2,58.486666666666665
2014-11-16 11:00:00,56.8,54.61333333333334
2014-11-16 12:00:00,60.5,51.59
2014-11-16 13:00:00,60.7,49.48
2014-11-16 14:00:00,57.2,48.99
2014-11-16 15:00:00,53.9,50.10666666666667
2014-11-16 16:00:00,57.2,52.973333333333336
2014-11-16 17:00:00,58.8,57.673333333333325
2014-11-16 18:00:00,60.4,60.49666666666667
2014-11-16 19:00:00,61.2,60.733333333333334
2014-11-16 20:00:00,62.9,61.61379310344827
2014-11-16 21:00:00,63.1,60.633333333333326
2014-11-16 22:00:00,64.2,60.46333333333334
2014-11-16 23:00:00,63.0,61.553333333333335
2014-11-17 00:00:00,65.0,64.14
2014-11-17 01:00:00,65.1,65.14333333333333
2014-11-17 02:00:00,66.8,66.3
2014-11-17 03:00:00,65.6,67.14666666666666
2014-11-17 04:00:00,65.2,68.02666666666667
2014-11-17 05:00:00,62.9,68.49333333333334
2014-11-17 06:00:00,56.3,68.3
2014-11-17 07:00:00,53.2,68.55666666666666
