,wt_max_windgust_true,wt_max_windgust
2014-03-19 10:00:00,3.0,5.078181818181819
2014-03-19 11:00:00,3.0,5.276363636363638
2014-03-19 12:00:00,3.0,5.916363636363638
2014-03-19 13:00:00,4.0,6.021818181818183
2014-03-19 14:00:00,4.5,6.503636363636365
2014-03-19 15:00:00,5.0,6.180000000000002
2014-03-19 16:00:00,5.3,5.81818181818182
2014-03-19 17:00:00,5.8,5.680000000000001
2014-03-19 18:00:00,8.3,5.1
2014-03-19 19:00:00,8.3,4.576363636363636
2014-03-19 20:00:00,5.8,4.5600000000000005
2014-03-19 21:00:00,2.8,4.165454545454546
2014-03-19 22:00:00,2.3,4.062962962962963
2014-03-19 23:00:00,4.0,3.8722222222222227
2014-03-20 00:00:00,4.8,3.6555555555555563
2014-03-20 01:00:00,4.0,3.19423076923077
2014-03-20 02:00:00,2.5,3.9148148148148154
2014-03-20 03:00:00,4.0,4.1000000000000005
2014-03-20 04:00:00,4.5,3.690740740740741
2014-03-20 05:00:00,3.0,3.9462962962962966
2014-03-20 06:00:00,5.0,4.033333333333333
2014-03-20 07:00:00,4.8,4.483636363636364
2014-03-20 08:00:00,4.8,4.680000000000001
2014-03-20 09:00:00,5.5,5.112727272727272
2014-03-20 10:00:00,5.0,5.078181818181819
2014-03-20 11:00:00,5.3,5.276363636363638
2014-03-20 12:00:00,4.8,5.916363636363638
2014-03-20 13:00:00,4.8,6.021818181818183
2014-03-20 14:00:00,4.8,6.503636363636365
2014-03-20 15:00:00,9.3,6.180000000000002
2014-03-20 16:00:00,7.8,5.81818181818182
2014-03-20 17:00:00,8.3,5.680000000000001
2014-03-20 18:00:00,8.8,5.1
2014-03-20 19:00:00,7.8,4.576363636363636
2014-03-20 20:00:00,7.0,4.5600000000000005
2014-03-20 21:00:00,7.8,4.165454545454546
2014-03-20 22:00:00,7.0,4.062962962962963
2014-03-20 23:00:00,5.5,3.8722222222222227
2014-03-21 00:00:00,4.5,3.6555555555555563
2014-03-21 01:00:00,4.5,3.19423076923077
2014-03-21 02:00:00,3.8,3.9148148148148154
2014-03-21 03:00:00,3.3,4.1000000000000005
2014-03-21 04:00:00,2.8,3.690740740740741
2014-03-21 05:00:00,3.0,3.9462962962962966
2014-03-21 06:00:00,2.5,4.033333333333333
2014-03-21 07:00:00,2.8,4.483636363636364
2014-03-21 08:00:00,5.0,4.680000000000001
2014-03-21 09:00:00,5.0,5.112727272727272
2014-03-21 10:00:00,6.8,5.078181818181819
2014-03-21 11:00:00,6.5,5.276363636363638
2014-03-21 12:00:00,7.5,5.916363636363638
2014-03-21 13:00:00,8.1,6.021818181818183
2014-03-21 14:00:00,8.6,6.503636363636365
2014-03-21 15:00:00,7.8,6.180000000000002
2014-03-21 16:00:00,8.8,5.81818181818182
2014-03-21 17:00:00,7.5,5.680000000000001
2014-03-21 18:00:00,6.5,5.1
2014-03-21 19:00:00,7.3,4.576363636363636
2014-03-21 20:00:00,8.3,4.5600000000000005
2014-03-21 21:00:00,8.3,4.165454545454546
2014-03-21 22:00:00,5.8,4.062962962962963
2014-03-21 23:00:00,10.1,3.8722222222222227
2014-03-22 00:00:00,12.8,3.6555555555555563
2014-03-22 01:00:00,9.6,3.19423076923077
2014-03-22 02:00:00,9.6,3.9148148148148154
2014-03-22 03:00:00,10.8,4.1000000000000005
2014-03-22 04:00:00,10.1,3.690740740740741
2014-03-22 05:00:00,8.3,3.9462962962962966
2014-03-22 06:00:00,5.5,4.033333333333333
2014-03-22 07:00:00,4.8,4.483636363636364
2014-03-22 08:00:00,5.8,4.680000000000001
2014-03-22 09:00:00,9.8,5.112727272727272
2014-03-22 10:00:00,10.3,5.078181818181819
2014-03-22 11:00:00,9.3,5.276363636363638
2014-03-22 12:00:00,9.8,5.916363636363638
2014-03-22 13:00:00,10.6,6.021818181818183
2014-03-22 14:00:00,11.6,6.503636363636365
2014-03-22 15:00:00,11.3,6.180000000000002
2014-03-22 16:00:00,11.6,5.81818181818182
2014-03-22 17:00:00,12.3,5.680000000000001
2014-03-22 18:00:00,10.3,5.1
2014-03-22 19:00:00,7.5,4.576363636363636
2014-03-22 20:00:00,6.8,4.5600000000000005
2014-03-22 21:00:00,5.3,4.165454545454546
2014-03-22 22:00:00,4.8,4.062962962962963
2014-03-22 23:00:00,5.0,3.8722222222222227
2014-03-23 00:00:00,5.3,3.6555555555555563
2014-03-23 01:00:00,4.5,3.19423076923077
2014-03-23 02:00:00,4.8,3.9148148148148154
2014-03-23 03:00:00,3.5,4.1000000000000005
2014-03-23 04:00:00,4.8,3.690740740740741
2014-03-23 05:00:00,5.3,3.9462962962962966
2014-03-23 06:00:00,4.3,4.033333333333333
2014-03-23 07:00:00,4.3,4.483636363636364
2014-03-23 08:00:00,5.0,4.680000000000001
2014-03-23 09:00:00,8.3,5.112727272727272
2014-03-23 10:00:00,7.0,5.078181818181819
2014-03-23 11:00:00,5.0,5.276363636363638
2014-03-23 12:00:00,7.0,5.916363636363638
2014-03-23 13:00:00,6.3,6.021818181818183
2014-03-23 14:00:00,5.5,6.503636363636365
2014-03-23 15:00:00,8.1,6.180000000000002
2014-03-23 16:00:00,8.6,5.81818181818182
2014-03-23 17:00:00,9.3,5.680000000000001
2014-03-23 18:00:00,7.8,5.1
2014-03-23 19:00:00,9.1,4.576363636363636
2014-03-23 20:00:00,8.3,4.5600000000000005
2014-03-23 21:00:00,7.0,4.165454545454546
2014-03-23 22:00:00,5.0,4.062962962962963
2014-03-23 23:00:00,3.3,3.8722222222222227
2014-03-24 00:00:00,2.0,3.6555555555555563
2014-03-24 01:00:00,3.0,3.19423076923077
2014-03-24 02:00:00,1.8,3.9148148148148154
2014-03-24 03:00:00,2.5,4.1000000000000005
2014-03-24 04:00:00,2.5,3.690740740740741
2014-03-24 05:00:00,2.5,3.9462962962962966
2014-03-24 06:00:00,3.0,4.033333333333333
2014-03-24 07:00:00,4.0,4.483636363636364
2014-03-24 08:00:00,6.5,4.680000000000001
2014-03-24 09:00:00,10.1,5.112727272727272
2014-03-24 10:00:00,11.6,5.078181818181819
2014-03-24 11:00:00,11.3,5.276363636363638
2014-03-24 12:00:00,10.3,5.916363636363638
2014-03-24 13:00:00,12.8,6.021818181818183
2014-03-24 14:00:00,13.6,6.503636363636365
2014-03-24 15:00:00,14.6,6.180000000000002
2014-03-24 16:00:00,12.8,5.81818181818182
2014-03-24 17:00:00,15.1,5.680000000000001
2014-03-24 18:00:00,13.6,5.1
2014-03-24 19:00:00,9.3,4.576363636363636
2014-03-24 20:00:00,9.6,4.5600000000000005
2014-03-24 21:00:00,6.8,4.165454545454546
2014-03-24 22:00:00,8.3,4.062962962962963
2014-03-24 23:00:00,10.3,3.8722222222222227
2014-03-25 00:00:00,7.8,3.6555555555555563
2014-03-25 01:00:00,3.3,3.19423076923077
2014-03-25 02:00:00,5.3,3.9148148148148154
2014-03-25 03:00:00,4.5,4.1000000000000005
2014-03-25 04:00:00,5.5,3.690740740740741
2014-03-25 05:00:00,6.5,3.9462962962962966
2014-03-25 06:00:00,9.1,4.033333333333333
2014-03-25 07:00:00,8.1,4.483636363636364
2014-03-25 08:00:00,8.3,4.680000000000001
2014-03-25 09:00:00,10.6,5.112727272727272
2014-03-25 10:00:00,11.8,5.078181818181819
2014-03-25 11:00:00,12.6,5.276363636363638
2014-03-25 12:00:00,11.6,5.916363636363638
2014-03-25 13:00:00,12.1,6.021818181818183
2014-03-25 14:00:00,12.6,6.503636363636365
2014-03-25 15:00:00,12.1,6.180000000000002
2014-03-25 16:00:00,12.6,5.81818181818182
2014-03-25 17:00:00,14.6,5.680000000000001
2014-03-25 18:00:00,13.6,5.1
2014-03-25 19:00:00,13.1,4.576363636363636
2014-03-25 20:00:00,15.8,4.5600000000000005
2014-03-25 21:00:00,13.6,4.165454545454546
2014-03-25 22:00:00,16.6,4.062962962962963
2014-03-25 23:00:00,14.1,3.8722222222222227
2014-03-26 00:00:00,14.1,3.6555555555555563
2014-03-26 01:00:00,12.8,3.19423076923077
2014-03-26 02:00:00,14.3,3.9148148148148154
2014-03-26 03:00:00,11.1,4.1000000000000005
2014-03-26 04:00:00,8.8,3.690740740740741
2014-03-26 05:00:00,10.8,3.9462962962962966
2014-03-26 06:00:00,7.5,4.033333333333333
2014-03-26 07:00:00,10.3,4.483636363636364
2014-03-26 08:00:00,10.3,4.680000000000001
2014-03-26 09:00:00,12.8,5.112727272727272
2014-03-26 10:00:00,14.3,5.078181818181819
2014-03-26 11:00:00,15.1,5.276363636363638
2014-03-26 12:00:00,14.8,5.916363636363638
2014-03-26 13:00:00,14.8,6.021818181818183
2014-03-26 14:00:00,14.3,6.503636363636365
2014-03-26 15:00:00,15.8,6.180000000000002
2014-03-26 16:00:00,14.6,5.81818181818182
2014-03-26 17:00:00,15.6,5.680000000000001
2014-03-26 18:00:00,13.3,5.1
2014-03-26 19:00:00,10.1,4.576363636363636
2014-03-26 20:00:00,8.8,4.5600000000000005
2014-03-26 21:00:00,8.3,4.165454545454546
2014-03-26 22:00:00,8.6,4.062962962962963
2014-03-26 23:00:00,6.5,3.8722222222222227
2014-03-27 00:00:00,6.8,3.6555555555555563
2014-03-27 01:00:00,5.0,3.19423076923077
2014-03-27 02:00:00,4.8,3.9148148148148154
2014-03-27 03:00:00,4.3,4.1000000000000005
2014-03-27 04:00:00,3.5,3.690740740740741
2014-03-27 05:00:00,4.3,3.9462962962962966
2014-03-27 06:00:00,3.5,4.033333333333333
2014-03-27 07:00:00,6.0,4.483636363636364
2014-03-27 08:00:00,3.3,4.680000000000001
2014-03-27 09:00:00,6.5,5.112727272727272
2014-03-27 10:00:00,6.0,5.078181818181819
2014-03-27 11:00:00,7.8,5.276363636363638
2014-03-27 12:00:00,9.8,5.916363636363638
2014-03-27 13:00:00,9.6,6.021818181818183
2014-03-27 14:00:00,10.8,6.503636363636365
2014-03-27 15:00:00,10.6,6.180000000000002
2014-03-27 16:00:00,10.6,5.81818181818182
2014-03-27 17:00:00,10.8,5.680000000000001
2014-03-27 18:00:00,7.8,5.1
2014-03-27 19:00:00,7.8,4.576363636363636
2014-03-27 20:00:00,5.0,4.5600000000000005
2014-03-27 21:00:00,6.8,4.165454545454546
2014-03-27 22:00:00,5.5,4.062962962962963
2014-03-27 23:00:00,4.5,3.8722222222222227
2014-03-28 00:00:00,3.0,3.6555555555555563
2014-03-28 01:00:00,4.5,3.19423076923077
2014-03-28 02:00:00,5.8,3.9148148148148154
2014-03-28 03:00:00,5.5,4.1000000000000005
2014-03-28 04:00:00,6.3,3.690740740740741
2014-03-28 05:00:00,5.8,3.9462962962962966
2014-03-28 06:00:00,3.0,4.033333333333333
2014-03-28 07:00:00,3.0,4.483636363636364
2014-03-28 08:00:00,4.5,4.680000000000001
2014-03-28 09:00:00,5.5,5.112727272727272
2014-03-28 10:00:00,4.3,5.078181818181819
2014-03-28 11:00:00,5.3,5.276363636363638
2014-03-28 12:00:00,4.3,5.916363636363638
2014-03-28 13:00:00,9.3,6.021818181818183
2014-03-28 14:00:00,8.3,6.503636363636365
2014-03-28 15:00:00,6.8,6.180000000000002
2014-03-28 16:00:00,6.8,5.81818181818182
2014-03-28 17:00:00,7.0,5.680000000000001
2014-03-28 18:00:00,7.3,5.1
2014-03-28 19:00:00,5.0,4.576363636363636
2014-03-28 20:00:00,3.5,4.5600000000000005
2014-03-28 21:00:00,2.5,4.165454545454546
2014-03-28 22:00:00,2.5,4.062962962962963
2014-03-28 23:00:00,2.8,3.8722222222222227
2014-03-29 00:00:00,3.0,3.6555555555555563
2014-03-29 01:00:00,4.0,3.19423076923077
2014-03-29 02:00:00,3.3,3.9148148148148154
2014-03-29 03:00:00,5.3,4.1000000000000005
2014-03-29 04:00:00,3.5,3.690740740740741
2014-03-29 05:00:00,5.3,3.9462962962962966
2014-03-29 06:00:00,7.0,4.033333333333333
2014-03-29 07:00:00,6.8,4.483636363636364
2014-03-29 08:00:00,5.3,4.680000000000001
2014-03-29 09:00:00,5.0,5.112727272727272
2014-03-29 10:00:00,5.0,5.078181818181819
2014-03-29 11:00:00,3.8,5.276363636363638
2014-03-29 12:00:00,4.3,5.916363636363638
2014-03-29 13:00:00,5.5,6.021818181818183
2014-03-29 14:00:00,4.3,6.503636363636365
2014-03-29 15:00:00,8.6,6.180000000000002
2014-03-29 16:00:00,10.1,5.81818181818182
2014-03-29 17:00:00,8.3,5.680000000000001
2014-03-29 18:00:00,7.8,5.1
2014-03-29 19:00:00,7.5,4.576363636363636
2014-03-29 20:00:00,6.3,4.5600000000000005
2014-03-29 21:00:00,5.0,4.165454545454546
2014-03-29 22:00:00,5.0,4.062962962962963
2014-03-29 23:00:00,6.5,3.8722222222222227
2014-03-30 00:00:00,7.0,3.6555555555555563
2014-03-30 03:00:00,3.5,4.1000000000000005
2014-03-30 04:00:00,3.3,3.690740740740741
2014-03-30 05:00:00,4.8,3.9462962962962966
2014-03-30 06:00:00,6.3,4.033333333333333
2014-03-30 07:00:00,5.3,4.483636363636364
2014-03-30 08:00:00,10.6,4.680000000000001
2014-03-30 09:00:00,10.8,5.112727272727272
2014-03-30 10:00:00,12.6,5.078181818181819
2014-03-30 11:00:00,16.6,5.276363636363638
2014-03-30 12:00:00,13.3,5.916363636363638
2014-03-30 13:00:00,11.3,6.021818181818183
2014-03-30 14:00:00,11.8,6.503636363636365
2014-03-30 15:00:00,12.1,6.180000000000002
2014-03-30 16:00:00,11.1,5.81818181818182
2014-03-30 17:00:00,11.8,5.680000000000001
2014-03-30 18:00:00,9.6,5.1
2014-03-30 19:00:00,6.8,4.576363636363636
2014-03-30 20:00:00,10.6,4.5600000000000005
2014-03-30 21:00:00,7.3,4.165454545454546
2014-03-30 22:00:00,5.8,4.062962962962963
2014-03-30 23:00:00,6.3,3.8722222222222227
2014-03-31 00:00:00,5.5,3.6555555555555563
2014-03-31 01:00:00,5.3,3.19423076923077
2014-03-31 02:00:00,5.5,3.9148148148148154
2014-03-31 03:00:00,6.8,4.1000000000000005
2014-03-31 04:00:00,6.5,3.690740740740741
2014-03-31 05:00:00,6.0,3.9462962962962966
2014-03-31 06:00:00,8.3,4.033333333333333
2014-03-31 07:00:00,8.1,4.483636363636364
2014-03-31 08:00:00,9.1,4.680000000000001
2014-03-31 09:00:00,8.3,5.112727272727272
2014-03-31 10:00:00,10.1,5.078181818181819
2014-03-31 11:00:00,13.6,5.276363636363638
2014-03-31 12:00:00,18.1,5.916363636363638
2014-03-31 13:00:00,17.1,6.021818181818183
2014-03-31 14:00:00,18.6,6.503636363636365
2014-03-31 15:00:00,17.6,6.180000000000002
2014-03-31 16:00:00,15.8,5.81818181818182
2014-03-31 17:00:00,16.9,5.680000000000001
2014-03-31 18:00:00,14.3,5.1
2014-03-31 19:00:00,13.6,4.576363636363636
2014-03-31 20:00:00,15.1,4.5600000000000005
2014-03-31 21:00:00,15.6,4.165454545454546
2014-03-31 22:00:00,15.6,4.062962962962963
2014-03-31 23:00:00,20.4,3.8722222222222227
2014-04-01 00:00:00,14.8,1.2724137931034483
2014-04-01 01:00:00,14.1,1.1827586206896554
2014-04-01 02:00:00,14.1,1.2965517241379312
2014-04-01 03:00:00,14.3,1.1724137931034482
2014-04-01 04:00:00,16.1,1.193103448275862
2014-04-01 05:00:00,17.9,1.1637931034482758
2014-04-01 06:00:00,15.1,1.0155172413793105
2014-04-01 07:00:00,12.3,1.213793103448276
2014-04-01 08:00:00,11.3,1.5655172413793104
2014-04-01 09:00:00,11.3,1.736206896551724
2014-04-01 10:00:00,11.8,1.5499999999999998
2014-04-01 11:00:00,12.6,1.6931034482758618
2014-04-01 12:00:00,13.3,1.9982758620689656
2014-04-01 13:00:00,11.3,2.1258620689655174
2014-04-01 14:00:00,8.1,2.1542372881355933
2014-04-01 15:00:00,13.3,1.9016949152542373
2014-04-01 16:00:00,13.1,1.8440677966101695
2014-04-01 17:00:00,13.1,1.9672413793103447
2014-04-01 18:00:00,9.1,1.5810344827586207
2014-04-01 19:00:00,7.8,1.6379310344827587
2014-04-01 20:00:00,6.5,1.5931034482758621
2014-04-01 21:00:00,10.6,1.3327586206896553
2014-04-01 22:00:00,9.1,1.1500000000000001
2014-04-01 23:00:00,5.3,1.2431034482758623
2014-04-02 00:00:00,5.5,1.2724137931034483
2014-04-02 01:00:00,5.5,1.1827586206896554
2014-04-02 02:00:00,5.3,1.2965517241379312
2014-04-02 03:00:00,5.8,1.1724137931034482
2014-04-02 04:00:00,5.8,1.193103448275862
2014-04-02 05:00:00,6.5,1.1637931034482758
2014-04-02 06:00:00,2.8,1.0155172413793105
2014-04-02 07:00:00,2.8,1.213793103448276
2014-04-02 08:00:00,5.3,1.5655172413793104
2014-04-02 09:00:00,7.8,1.736206896551724
2014-04-02 10:00:00,10.1,1.5499999999999998
2014-04-02 11:00:00,12.1,1.6931034482758618
2014-04-02 12:00:00,13.3,1.9982758620689656
2014-04-02 13:00:00,11.8,2.1258620689655174
2014-04-02 14:00:00,13.3,2.1542372881355933
2014-04-02 15:00:00,11.6,1.9016949152542373
2014-04-02 16:00:00,12.3,1.8440677966101695
2014-04-02 17:00:00,10.1,1.9672413793103447
2014-04-02 18:00:00,8.8,1.5810344827586207
2014-04-02 19:00:00,10.3,1.6379310344827587
2014-04-02 20:00:00,6.5,1.5931034482758621
2014-04-02 21:00:00,8.8,1.3327586206896553
2014-04-02 22:00:00,5.8,1.1500000000000001
2014-04-02 23:00:00,4.5,1.2431034482758623
2014-04-03 00:00:00,5.8,1.2724137931034483
2014-04-03 01:00:00,4.8,1.1827586206896554
2014-04-03 02:00:00,6.0,1.2965517241379312
2014-04-03 03:00:00,7.5,1.1724137931034482
2014-04-03 04:00:00,7.5,1.193103448275862
2014-04-03 05:00:00,9.3,1.1637931034482758
2014-04-03 06:00:00,7.8,1.0155172413793105
2014-04-03 07:00:00,8.6,1.213793103448276
2014-04-03 08:00:00,8.1,1.5655172413793104
2014-04-03 09:00:00,7.5,1.736206896551724
2014-04-03 10:00:00,9.8,1.5499999999999998
2014-04-03 11:00:00,10.8,1.6931034482758618
2014-04-03 12:00:00,11.8,1.9982758620689656
2014-04-03 13:00:00,12.6,2.1258620689655174
2014-04-03 14:00:00,12.8,2.1542372881355933
2014-04-03 15:00:00,11.6,1.9016949152542373
2014-04-03 16:00:00,11.1,1.8440677966101695
2014-04-03 17:00:00,10.6,1.9672413793103447
2014-04-03 18:00:00,8.1,1.5810344827586207
2014-04-03 19:00:00,7.0,1.6379310344827587
2014-04-03 20:00:00,6.5,1.5931034482758621
2014-04-03 21:00:00,4.3,1.3327586206896553
2014-04-03 22:00:00,4.0,1.1500000000000001
2014-04-03 23:00:00,4.3,1.2431034482758623
2014-04-04 00:00:00,5.3,1.2724137931034483
2014-04-04 01:00:00,4.3,1.1827586206896554
2014-04-04 02:00:00,5.5,1.2965517241379312
2014-04-04 03:00:00,4.8,1.1724137931034482
2014-04-04 04:00:00,7.8,1.193103448275862
2014-04-04 05:00:00,7.3,1.1637931034482758
2014-04-04 06:00:00,9.3,1.0155172413793105
2014-04-04 07:00:00,9.6,1.213793103448276
2014-04-04 08:00:00,10.3,1.5655172413793104
2014-04-04 09:00:00,11.3,1.736206896551724
2014-04-04 10:00:00,10.6,1.5499999999999998
2014-04-04 11:00:00,13.1,1.6931034482758618
2014-04-04 12:00:00,12.8,1.9982758620689656
2014-04-04 13:00:00,15.1,2.1258620689655174
2014-04-04 14:00:00,15.1,2.1542372881355933
2014-04-04 15:00:00,16.4,1.9016949152542373
2014-04-04 16:00:00,13.8,1.8440677966101695
2014-04-04 17:00:00,12.8,1.9672413793103447
2014-04-04 18:00:00,12.6,1.5810344827586207
2014-04-04 19:00:00,13.8,1.6379310344827587
2014-04-04 20:00:00,13.1,1.5931034482758621
2014-04-04 21:00:00,13.1,1.3327586206896553
2014-04-04 22:00:00,13.6,1.1500000000000001
2014-04-04 23:00:00,10.1,1.2431034482758623
2014-04-05 00:00:00,7.8,1.2724137931034483
2014-04-05 01:00:00,8.3,1.1827586206896554
2014-04-05 02:00:00,7.5,1.2965517241379312
2014-04-05 03:00:00,6.0,1.1724137931034482
2014-04-05 04:00:00,6.3,1.193103448275862
2014-04-05 05:00:00,6.5,1.1637931034482758
2014-04-05 06:00:00,5.0,1.0155172413793105
2014-04-05 07:00:00,3.5,1.213793103448276
2014-04-05 08:00:00,4.5,1.5655172413793104
2014-04-05 09:00:00,4.8,1.736206896551724
2014-04-05 10:00:00,3.0,1.5499999999999998
2014-04-05 11:00:00,5.0,1.6931034482758618
2014-04-05 12:00:00,5.5,1.9982758620689656
2014-04-05 13:00:00,6.5,2.1258620689655174
2014-04-05 14:00:00,6.0,2.1542372881355933
2014-04-05 15:00:00,5.5,1.9016949152542373
2014-04-05 16:00:00,7.0,1.8440677966101695
2014-04-05 17:00:00,6.0,1.9672413793103447
2014-04-05 18:00:00,4.5,1.5810344827586207
2014-04-05 19:00:00,5.5,1.6379310344827587
2014-04-05 20:00:00,5.5,1.5931034482758621
2014-04-05 21:00:00,5.0,1.3327586206896553
2014-04-05 22:00:00,4.0,1.1500000000000001
2014-04-05 23:00:00,2.5,1.2431034482758623
2014-04-06 00:00:00,0.0,1.2724137931034483
2014-04-06 01:00:00,1.3,1.1827586206896554
2014-04-06 02:00:00,1.8,1.2965517241379312
2014-04-06 03:00:00,1.5,1.1724137931034482
2014-04-06 04:00:00,1.8,1.193103448275862
2014-04-06 05:00:00,2.5,1.1637931034482758
2014-04-06 06:00:00,3.0,1.0155172413793105
2014-04-06 07:00:00,2.8,1.213793103448276
2014-04-06 08:00:00,4.3,1.5655172413793104
2014-04-06 09:00:00,3.3,1.736206896551724
2014-04-06 10:00:00,3.0,1.5499999999999998
2014-04-06 11:00:00,3.8,1.6931034482758618
2014-04-06 12:00:00,5.5,1.9982758620689656
2014-04-06 13:00:00,4.3,2.1258620689655174
2014-04-06 14:00:00,4.3,2.1542372881355933
2014-04-06 15:00:00,5.0,1.9016949152542373
2014-04-06 16:00:00,4.3,1.8440677966101695
2014-04-06 17:00:00,3.5,1.9672413793103447
2014-04-06 18:00:00,4.8,1.5810344827586207
2014-04-06 19:00:00,3.8,1.6379310344827587
2014-04-06 20:00:00,3.5,1.5931034482758621
2014-04-06 21:00:00,3.3,1.3327586206896553
2014-04-06 22:00:00,2.0,1.1500000000000001
2014-04-06 23:00:00,1.8,1.2431034482758623
2014-04-07 00:00:00,2.0,1.2724137931034483
2014-04-07 01:00:00,2.8,1.1827586206896554
2014-04-07 02:00:00,3.8,1.2965517241379312
2014-04-07 03:00:00,4.3,1.1724137931034482
2014-04-07 04:00:00,5.5,1.193103448275862
2014-04-07 05:00:00,3.5,1.1637931034482758
2014-04-07 06:00:00,4.5,1.0155172413793105
2014-04-07 07:00:00,3.3,1.213793103448276
2014-04-07 08:00:00,3.8,1.5655172413793104
2014-04-07 09:00:00,4.0,1.736206896551724
2014-04-07 10:00:00,3.8,1.5499999999999998
2014-04-07 11:00:00,3.8,1.6931034482758618
2014-04-07 12:00:00,3.8,1.9982758620689656
2014-04-07 13:00:00,4.0,2.1258620689655174
2014-04-07 14:00:00,5.5,2.1542372881355933
2014-04-07 15:00:00,8.3,1.9016949152542373
2014-04-07 16:00:00,8.3,1.8440677966101695
2014-04-07 17:00:00,8.3,1.9672413793103447
2014-04-07 18:00:00,8.3,1.5810344827586207
2014-04-07 19:00:00,7.3,1.6379310344827587
2014-04-07 20:00:00,8.1,1.5931034482758621
2014-04-07 21:00:00,6.5,1.3327586206896553
2014-04-07 22:00:00,5.3,1.1500000000000001
2014-04-07 23:00:00,5.3,1.2431034482758623
2014-04-08 00:00:00,6.0,1.2724137931034483
2014-04-08 01:00:00,6.3,1.1827586206896554
2014-04-08 02:00:00,6.3,1.2965517241379312
2014-04-08 03:00:00,6.3,1.1724137931034482
2014-04-08 04:00:00,5.5,1.193103448275862
2014-04-08 05:00:00,5.0,1.1637931034482758
2014-04-08 06:00:00,5.0,1.0155172413793105
2014-04-08 07:00:00,5.3,1.213793103448276
2014-04-08 08:00:00,7.5,1.5655172413793104
2014-04-08 09:00:00,7.3,1.736206896551724
2014-04-08 10:00:00,7.3,1.5499999999999998
2014-04-08 11:00:00,6.0,1.6931034482758618
2014-04-08 12:00:00,6.0,1.9982758620689656
2014-04-08 13:00:00,5.3,2.1258620689655174
2014-04-08 14:00:00,4.8,2.1542372881355933
2014-04-08 15:00:00,5.8,1.9016949152542373
2014-04-08 16:00:00,5.0,1.8440677966101695
2014-04-08 17:00:00,5.8,1.9672413793103447
2014-04-08 18:00:00,6.0,1.5810344827586207
2014-04-08 19:00:00,6.5,1.6379310344827587
2014-04-08 20:00:00,6.0,1.5931034482758621
2014-04-08 21:00:00,4.5,1.3327586206896553
2014-04-08 22:00:00,12.6,1.1500000000000001
2014-04-08 23:00:00,10.8,1.2431034482758623
2014-04-09 00:00:00,11.1,1.2724137931034483
2014-04-09 01:00:00,7.5,1.1827586206896554
2014-04-09 02:00:00,6.5,1.2965517241379312
2014-04-09 03:00:00,7.3,1.1724137931034482
2014-04-09 04:00:00,9.3,1.193103448275862
2014-04-09 05:00:00,8.8,1.1637931034482758
2014-04-09 06:00:00,7.3,1.0155172413793105
2014-04-09 07:00:00,9.1,1.213793103448276
2014-04-09 08:00:00,8.8,1.5655172413793104
2014-04-09 09:00:00,7.3,1.736206896551724
2014-04-09 10:00:00,10.6,1.5499999999999998
2014-04-09 11:00:00,11.6,1.6931034482758618
2014-04-09 12:00:00,8.3,1.9982758620689656
2014-04-09 13:00:00,10.1,2.1258620689655174
2014-04-09 14:00:00,6.0,2.1542372881355933
2014-04-09 15:00:00,5.0,1.9016949152542373
2014-04-09 16:00:00,3.3,1.8440677966101695
2014-04-09 17:00:00,3.3,1.9672413793103447
2014-04-09 18:00:00,7.3,1.5810344827586207
2014-04-09 19:00:00,7.3,1.6379310344827587
2014-04-09 20:00:00,6.5,1.5931034482758621
2014-04-09 21:00:00,7.8,1.3327586206896553
2014-04-09 22:00:00,7.3,1.1500000000000001
2014-04-09 23:00:00,8.1,1.2431034482758623
2014-04-10 00:00:00,6.8,1.2724137931034483
2014-04-10 01:00:00,7.0,1.1827586206896554
2014-04-10 02:00:00,3.8,1.2965517241379312
2014-04-10 03:00:00,3.5,1.1724137931034482
2014-04-10 04:00:00,2.3,1.193103448275862
2014-04-10 05:00:00,2.0,1.1637931034482758
2014-04-10 06:00:00,2.3,1.0155172413793105
2014-04-10 07:00:00,3.8,1.213793103448276
2014-04-10 08:00:00,6.0,1.5655172413793104
2014-04-10 09:00:00,5.8,1.736206896551724
2014-04-10 10:00:00,6.3,1.5499999999999998
2014-04-10 11:00:00,6.0,1.6931034482758618
2014-04-10 12:00:00,5.8,1.9982758620689656
2014-04-10 13:00:00,6.3,2.1258620689655174
2014-04-10 14:00:00,8.1,2.1542372881355933
2014-04-10 15:00:00,7.8,1.9016949152542373
2014-04-10 16:00:00,7.0,1.8440677966101695
2014-04-10 17:00:00,6.0,1.9672413793103447
2014-04-10 18:00:00,6.8,1.5810344827586207
2014-04-10 19:00:00,8.3,1.6379310344827587
2014-04-10 20:00:00,6.8,1.5931034482758621
2014-04-10 21:00:00,7.0,1.3327586206896553
2014-04-10 22:00:00,5.0,1.1500000000000001
2014-04-10 23:00:00,3.3,1.2431034482758623
2014-04-11 00:00:00,2.8,1.2724137931034483
2014-04-11 01:00:00,3.8,1.1827586206896554
2014-04-11 02:00:00,3.5,1.2965517241379312
2014-04-11 03:00:00,3.3,1.1724137931034482
2014-04-11 04:00:00,3.3,1.193103448275862
2014-04-11 05:00:00,5.5,1.1637931034482758
2014-04-11 06:00:00,4.8,1.0155172413793105
2014-04-11 07:00:00,5.8,1.213793103448276
2014-04-11 08:00:00,5.8,1.5655172413793104
2014-04-11 09:00:00,6.8,1.736206896551724
2014-04-11 10:00:00,4.0,1.5499999999999998
2014-04-11 11:00:00,4.3,1.6931034482758618
2014-04-11 12:00:00,5.0,1.9982758620689656
2014-04-11 13:00:00,5.8,2.1258620689655174
2014-04-11 14:00:00,6.5,2.1542372881355933
2014-04-11 15:00:00,8.1,1.9016949152542373
2014-04-11 16:00:00,7.0,1.8440677966101695
2014-04-11 17:00:00,8.3,1.9672413793103447
2014-04-11 18:00:00,9.3,1.5810344827586207
2014-04-11 19:00:00,8.3,1.6379310344827587
2014-04-11 20:00:00,9.3,1.5931034482758621
2014-04-11 21:00:00,8.6,1.3327586206896553
2014-04-11 22:00:00,7.3,1.1500000000000001
2014-04-11 23:00:00,6.0,1.2431034482758623
2014-04-12 00:00:00,5.0,1.2724137931034483
2014-04-12 01:00:00,6.5,1.1827586206896554
2014-04-12 02:00:00,6.0,1.2965517241379312
2014-04-12 03:00:00,6.8,1.1724137931034482
2014-04-12 04:00:00,4.5,1.193103448275862
2014-04-12 05:00:00,5.0,1.1637931034482758
2014-04-12 06:00:00,4.0,1.0155172413793105
2014-04-12 07:00:00,4.3,1.213793103448276
2014-04-12 08:00:00,2.5,1.5655172413793104
2014-04-12 09:00:00,3.5,1.736206896551724
2014-04-12 10:00:00,5.0,1.5499999999999998
2014-04-12 11:00:00,3.8,1.6931034482758618
2014-04-12 12:00:00,5.0,1.9982758620689656
2014-04-12 13:00:00,7.3,2.1258620689655174
2014-04-12 14:00:00,7.5,2.1542372881355933
2014-04-12 15:00:00,7.0,1.9016949152542373
2014-04-12 16:00:00,6.0,1.8440677966101695
2014-04-12 17:00:00,5.0,1.9672413793103447
2014-04-12 18:00:00,3.3,1.5810344827586207
2014-04-12 19:00:00,3.0,1.6379310344827587
2014-04-12 20:00:00,3.0,1.5931034482758621
2014-04-12 21:00:00,3.0,1.3327586206896553
2014-04-12 22:00:00,3.0,1.1500000000000001
2014-04-12 23:00:00,3.0,1.2431034482758623
2014-04-13 00:00:00,2.3,1.2724137931034483
2014-04-13 01:00:00,4.8,1.1827586206896554
2014-04-13 02:00:00,3.8,1.2965517241379312
2014-04-13 03:00:00,4.5,1.1724137931034482
2014-04-13 04:00:00,5.0,1.193103448275862
2014-04-13 05:00:00,5.8,1.1637931034482758
2014-04-13 06:00:00,5.3,1.0155172413793105
2014-04-13 07:00:00,6.3,1.213793103448276
2014-04-13 08:00:00,6.0,1.5655172413793104
2014-04-13 09:00:00,4.0,1.736206896551724
2014-04-13 10:00:00,5.3,1.5499999999999998
2014-04-13 11:00:00,6.3,1.6931034482758618
2014-04-13 12:00:00,4.3,1.9982758620689656
2014-04-13 13:00:00,2.8,2.1258620689655174
2014-04-13 14:00:00,3.5,2.1542372881355933
2014-04-13 15:00:00,3.3,1.9016949152542373
2014-04-13 16:00:00,4.5,1.8440677966101695
2014-04-13 17:00:00,2.5,1.9672413793103447
2014-04-13 18:00:00,3.0,1.5810344827586207
2014-04-13 19:00:00,3.5,1.6379310344827587
2014-04-13 20:00:00,5.0,1.5931034482758621
2014-04-13 21:00:00,4.5,1.3327586206896553
2014-04-13 22:00:00,6.0,1.1500000000000001
2014-04-13 23:00:00,5.3,1.2431034482758623
2014-04-14 00:00:00,5.5,1.2724137931034483
2014-04-14 01:00:00,3.5,1.1827586206896554
2014-04-14 02:00:00,4.5,1.2965517241379312
2014-04-14 03:00:00,5.0,1.1724137931034482
2014-04-14 04:00:00,5.5,1.193103448275862
2014-04-14 05:00:00,10.6,1.1637931034482758
2014-04-14 06:00:00,10.8,1.0155172413793105
2014-04-14 07:00:00,7.3,1.213793103448276
2014-04-14 08:00:00,4.5,1.5655172413793104
2014-04-14 09:00:00,7.5,1.736206896551724
2014-04-14 10:00:00,8.1,1.5499999999999998
2014-04-14 11:00:00,7.3,1.6931034482758618
2014-04-14 12:00:00,7.3,1.9982758620689656
2014-04-14 13:00:00,5.3,2.1258620689655174
2014-04-14 14:00:00,5.0,2.1542372881355933
2014-04-14 15:00:00,4.0,1.9016949152542373
2014-04-14 16:00:00,3.8,1.8440677966101695
2014-04-14 17:00:00,3.3,1.9672413793103447
2014-04-14 18:00:00,4.3,1.5810344827586207
2014-04-14 19:00:00,5.3,1.6379310344827587
2014-04-14 20:00:00,6.8,1.5931034482758621
2014-04-14 21:00:00,7.0,1.3327586206896553
2014-04-14 22:00:00,6.3,1.1500000000000001
2014-04-14 23:00:00,5.0,1.2431034482758623
2014-04-15 00:00:00,4.0,1.2724137931034483
2014-04-15 01:00:00,4.3,1.1827586206896554
2014-04-15 02:00:00,5.8,1.2965517241379312
2014-04-15 03:00:00,3.3,1.1724137931034482
2014-04-15 04:00:00,2.3,1.193103448275862
2014-04-15 05:00:00,3.3,1.1637931034482758
2014-04-15 06:00:00,2.3,1.0155172413793105
2014-04-15 07:00:00,3.3,1.213793103448276
2014-04-15 08:00:00,3.8,1.5655172413793104
2014-04-15 09:00:00,6.0,1.736206896551724
2014-04-15 10:00:00,7.0,1.5499999999999998
2014-04-15 11:00:00,6.8,1.6931034482758618
2014-04-15 12:00:00,6.3,1.9982758620689656
2014-04-15 13:00:00,6.3,2.1258620689655174
2014-04-15 14:00:00,6.5,2.1542372881355933
2014-04-15 15:00:00,7.5,1.9016949152542373
2014-04-15 16:00:00,8.8,1.8440677966101695
2014-04-15 17:00:00,8.3,1.9672413793103447
2014-04-15 18:00:00,7.5,1.5810344827586207
2014-04-15 19:00:00,6.3,1.6379310344827587
2014-04-15 20:00:00,5.5,1.5931034482758621
2014-04-15 21:00:00,3.8,1.3327586206896553
2014-04-15 22:00:00,3.8,1.1500000000000001
2014-04-15 23:00:00,4.3,1.2431034482758623
2014-04-16 00:00:00,2.8,1.2724137931034483
2014-04-16 01:00:00,2.3,1.1827586206896554
2014-04-16 02:00:00,2.3,1.2965517241379312
2014-04-16 03:00:00,2.3,1.1724137931034482
2014-04-16 04:00:00,2.8,1.193103448275862
2014-04-16 05:00:00,2.3,1.1637931034482758
2014-04-16 06:00:00,2.3,1.0155172413793105
2014-04-16 07:00:00,2.5,1.213793103448276
2014-04-16 08:00:00,2.3,1.5655172413793104
2014-04-16 09:00:00,3.5,1.736206896551724
2014-04-16 10:00:00,4.5,1.5499999999999998
2014-04-16 11:00:00,4.5,1.6931034482758618
2014-04-16 12:00:00,4.5,1.9982758620689656
2014-04-16 13:00:00,4.8,2.1258620689655174
2014-04-16 14:00:00,4.3,2.1542372881355933
2014-04-16 15:00:00,8.3,1.9016949152542373
2014-04-16 16:00:00,8.6,1.8440677966101695
2014-04-16 17:00:00,8.1,1.9672413793103447
2014-04-16 18:00:00,7.8,1.5810344827586207
2014-04-16 19:00:00,7.5,1.6379310344827587
2014-04-16 20:00:00,7.0,1.5931034482758621
2014-04-16 21:00:00,8.3,1.3327586206896553
2014-04-16 22:00:00,8.1,1.1500000000000001
2014-04-16 23:00:00,7.3,1.2431034482758623
2014-04-17 00:00:00,6.3,1.2724137931034483
2014-04-17 01:00:00,7.0,1.1827586206896554
2014-04-17 02:00:00,7.0,1.2965517241379312
2014-04-17 03:00:00,6.5,1.1724137931034482
2014-04-17 04:00:00,5.5,1.193103448275862
2014-04-17 05:00:00,5.0,1.1637931034482758
2014-04-17 06:00:00,5.3,1.0155172413793105
2014-04-17 07:00:00,5.5,1.213793103448276
2014-04-17 08:00:00,4.5,1.5655172413793104
2014-04-17 09:00:00,5.0,1.736206896551724
2014-04-17 10:00:00,3.3,1.5499999999999998
2014-04-17 11:00:00,3.3,1.6931034482758618
2014-04-17 12:00:00,3.0,1.9982758620689656
2014-04-17 13:00:00,4.3,2.1258620689655174
2014-04-17 14:00:00,8.3,2.1542372881355933
2014-04-17 15:00:00,7.0,1.9016949152542373
2014-04-17 16:00:00,7.3,1.8440677966101695
2014-04-17 17:00:00,8.6,1.9672413793103447
2014-04-17 18:00:00,7.8,1.5810344827586207
2014-04-17 19:00:00,8.6,1.6379310344827587
2014-04-17 20:00:00,9.8,1.5931034482758621
2014-04-17 21:00:00,9.6,1.3327586206896553
2014-04-17 22:00:00,7.5,1.1500000000000001
2014-04-17 23:00:00,7.0,1.2431034482758623
2014-04-18 00:00:00,6.3,1.2724137931034483
2014-04-18 01:00:00,9.1,1.1827586206896554
2014-04-18 02:00:00,9.6,1.2965517241379312
2014-04-18 03:00:00,10.1,1.1724137931034482
2014-04-18 04:00:00,9.3,1.193103448275862
2014-04-18 05:00:00,9.1,1.1637931034482758
2014-04-18 06:00:00,8.8,1.0155172413793105
2014-04-18 07:00:00,9.1,1.213793103448276
2014-04-18 08:00:00,9.8,1.5655172413793104
2014-04-18 09:00:00,8.8,1.736206896551724
2014-04-18 10:00:00,8.6,1.5499999999999998
2014-04-18 11:00:00,8.6,1.6931034482758618
2014-04-18 12:00:00,9.3,1.9982758620689656
2014-04-18 13:00:00,9.3,2.1258620689655174
2014-04-18 14:00:00,9.6,2.1542372881355933
2014-04-18 15:00:00,10.3,1.9016949152542373
2014-04-18 16:00:00,10.6,1.8440677966101695
2014-04-18 17:00:00,9.6,1.9672413793103447
2014-04-18 18:00:00,9.3,1.5810344827586207
2014-04-18 19:00:00,10.6,1.6379310344827587
2014-04-18 20:00:00,9.8,1.5931034482758621
2014-04-18 21:00:00,10.6,1.3327586206896553
2014-04-18 22:00:00,9.6,1.1500000000000001
2014-04-18 23:00:00,8.3,1.2431034482758623
2014-04-19 00:00:00,6.3,1.2724137931034483
2014-04-19 01:00:00,7.0,1.1827586206896554
2014-04-19 02:00:00,8.8,1.2965517241379312
2014-04-19 03:00:00,8.3,1.1724137931034482
2014-04-19 04:00:00,6.0,1.193103448275862
2014-04-19 05:00:00,7.8,1.1637931034482758
2014-04-19 06:00:00,7.3,1.0155172413793105
2014-04-19 07:00:00,7.0,1.213793103448276
2014-04-19 08:00:00,8.1,1.5655172413793104
2014-04-19 09:00:00,7.3,1.736206896551724
2014-04-19 10:00:00,9.8,1.5499999999999998
2014-04-19 11:00:00,7.8,1.6931034482758618
2014-04-19 12:00:00,9.1,1.9982758620689656
2014-04-19 13:00:00,8.3,2.1258620689655174
2014-04-19 14:00:00,11.1,2.1542372881355933
2014-04-19 15:00:00,11.8,1.9016949152542373
2014-04-19 16:00:00,11.3,1.8440677966101695
2014-04-19 17:00:00,7.8,1.9672413793103447
2014-04-19 18:00:00,7.5,1.5810344827586207
2014-04-19 19:00:00,6.8,1.6379310344827587
2014-04-19 20:00:00,5.3,1.5931034482758621
2014-04-19 21:00:00,4.0,1.3327586206896553
2014-04-19 22:00:00,3.0,1.1500000000000001
2014-04-19 23:00:00,3.0,1.2431034482758623
2014-04-20 00:00:00,2.3,1.2724137931034483
2014-04-20 01:00:00,3.3,1.1827586206896554
2014-04-20 02:00:00,4.8,1.2965517241379312
2014-04-20 03:00:00,5.8,1.1724137931034482
2014-04-20 04:00:00,4.0,1.193103448275862
2014-04-20 05:00:00,3.5,1.1637931034482758
2014-04-20 06:00:00,5.8,1.0155172413793105
2014-04-20 07:00:00,6.3,1.213793103448276
2014-04-20 08:00:00,6.8,1.5655172413793104
2014-04-20 09:00:00,6.0,1.736206896551724
2014-04-20 10:00:00,3.5,1.5499999999999998
2014-04-20 11:00:00,3.3,1.6931034482758618
2014-04-20 12:00:00,3.3,1.9982758620689656
2014-04-20 13:00:00,4.8,2.1258620689655174
2014-04-20 14:00:00,4.8,2.1542372881355933
2014-04-20 15:00:00,6.3,1.9016949152542373
2014-04-20 16:00:00,5.5,1.8440677966101695
2014-04-20 17:00:00,5.8,1.9672413793103447
2014-04-20 18:00:00,5.5,1.5810344827586207
2014-04-20 19:00:00,6.0,1.6379310344827587
2014-04-20 20:00:00,4.8,1.5931034482758621
2014-04-20 21:00:00,6.3,1.3327586206896553
2014-04-20 22:00:00,6.0,1.1500000000000001
2014-04-20 23:00:00,5.0,1.2431034482758623
2014-04-21 00:00:00,4.5,1.2724137931034483
2014-04-21 01:00:00,1.8,1.1827586206896554
2014-04-21 02:00:00,2.5,1.2965517241379312
2014-04-21 03:00:00,5.3,1.1724137931034482
2014-04-21 04:00:00,5.0,1.193103448275862
2014-04-21 05:00:00,5.0,1.1637931034482758
2014-04-21 06:00:00,4.0,1.0155172413793105
2014-04-21 07:00:00,6.0,1.213793103448276
2014-04-21 08:00:00,6.5,1.5655172413793104
2014-04-21 09:00:00,6.5,1.736206896551724
2014-04-21 10:00:00,6.0,1.5499999999999998
2014-04-21 11:00:00,8.8,1.6931034482758618
2014-04-21 12:00:00,9.1,1.9982758620689656
2014-04-21 13:00:00,10.3,2.1258620689655174
2014-04-21 14:00:00,13.1,2.1542372881355933
2014-04-21 15:00:00,10.1,1.9016949152542373
2014-04-21 16:00:00,9.6,1.8440677966101695
2014-04-21 17:00:00,10.6,1.9672413793103447
2014-04-21 18:00:00,8.6,1.5810344827586207
2014-04-21 19:00:00,7.5,1.6379310344827587
2014-04-21 20:00:00,5.5,1.5931034482758621
2014-04-21 21:00:00,6.0,1.3327586206896553
2014-04-21 22:00:00,5.8,1.1500000000000001
2014-04-21 23:00:00,5.0,1.2431034482758623
2014-04-22 00:00:00,3.8,1.2724137931034483
2014-04-22 01:00:00,2.8,1.1827586206896554
2014-04-22 02:00:00,3.8,1.2965517241379312
2014-04-22 03:00:00,4.8,1.1724137931034482
2014-04-22 04:00:00,4.5,1.193103448275862
2014-04-22 05:00:00,4.8,1.1637931034482758
2014-04-22 06:00:00,4.5,1.0155172413793105
2014-04-22 07:00:00,6.0,1.213793103448276
2014-04-22 08:00:00,8.3,1.5655172413793104
2014-04-22 09:00:00,9.3,1.736206896551724
2014-04-22 10:00:00,9.8,1.5499999999999998
2014-04-22 11:00:00,10.1,1.6931034482758618
2014-04-22 12:00:00,11.3,1.9982758620689656
2014-04-22 13:00:00,10.8,2.1258620689655174
2014-04-22 14:00:00,11.3,2.1542372881355933
2014-04-22 15:00:00,12.3,1.9016949152542373
2014-04-22 16:00:00,12.6,1.8440677966101695
2014-04-22 17:00:00,10.8,1.9672413793103447
2014-04-22 18:00:00,11.3,1.5810344827586207
2014-04-22 19:00:00,10.8,1.6379310344827587
2014-04-22 20:00:00,9.6,1.5931034482758621
2014-04-22 21:00:00,8.8,1.3327586206896553
2014-04-22 22:00:00,7.8,1.1500000000000001
2014-04-22 23:00:00,8.6,1.2431034482758623
2014-04-23 00:00:00,8.8,1.2724137931034483
2014-04-23 01:00:00,9.3,1.1827586206896554
2014-04-23 02:00:00,10.3,1.2965517241379312
2014-04-23 03:00:00,9.1,1.1724137931034482
2014-04-23 04:00:00,7.0,1.193103448275862
2014-04-23 05:00:00,8.8,1.1637931034482758
2014-04-23 06:00:00,9.3,1.0155172413793105
2014-04-23 07:00:00,4.0,1.213793103448276
2014-04-23 08:00:00,6.0,1.5655172413793104
2014-04-23 09:00:00,5.8,1.736206896551724
2014-04-23 10:00:00,5.5,1.5499999999999998
2014-04-23 11:00:00,5.5,1.6931034482758618
2014-04-23 12:00:00,4.5,1.9982758620689656
2014-04-23 13:00:00,3.5,2.1258620689655174
2014-04-23 14:00:00,7.8,2.1542372881355933
2014-04-23 15:00:00,8.3,1.9016949152542373
2014-04-23 16:00:00,7.8,1.8440677966101695
2014-04-23 17:00:00,8.1,1.9672413793103447
2014-04-23 18:00:00,7.8,1.5810344827586207
2014-04-23 19:00:00,7.3,1.6379310344827587
2014-04-23 20:00:00,6.5,1.5931034482758621
2014-04-23 21:00:00,7.0,1.3327586206896553
2014-04-23 22:00:00,5.5,1.1500000000000001
2014-04-23 23:00:00,5.3,1.2431034482758623
2014-04-24 00:00:00,4.3,1.2724137931034483
2014-04-24 01:00:00,4.8,1.1827586206896554
2014-04-24 02:00:00,3.5,1.2965517241379312
2014-04-24 03:00:00,3.3,1.1724137931034482
2014-04-24 04:00:00,3.3,1.193103448275862
2014-04-24 05:00:00,3.3,1.1637931034482758
2014-04-24 06:00:00,3.8,1.0155172413793105
2014-04-24 07:00:00,8.3,1.213793103448276
2014-04-24 08:00:00,12.8,1.5655172413793104
2014-04-24 09:00:00,18.1,1.736206896551724
2014-04-24 10:00:00,11.6,1.5499999999999998
2014-04-24 11:00:00,11.8,1.6931034482758618
2014-04-24 12:00:00,11.3,1.9982758620689656
2014-04-24 13:00:00,16.4,2.1258620689655174
2014-04-24 14:00:00,13.6,2.1542372881355933
2014-04-24 15:00:00,12.6,1.9016949152542373
2014-04-24 16:00:00,12.1,1.8440677966101695
2014-04-24 17:00:00,12.1,1.9672413793103447
2014-04-24 18:00:00,12.3,1.5810344827586207
2014-04-24 19:00:00,9.3,1.6379310344827587
2014-04-24 20:00:00,6.8,1.5931034482758621
2014-04-24 21:00:00,6.5,1.3327586206896553
2014-04-24 22:00:00,6.3,1.1500000000000001
2014-04-24 23:00:00,5.5,1.2431034482758623
2014-04-25 00:00:00,5.0,1.2724137931034483
2014-04-25 01:00:00,4.0,1.1827586206896554
2014-04-25 02:00:00,3.5,1.2965517241379312
2014-04-25 03:00:00,3.3,1.1724137931034482
2014-04-25 04:00:00,3.0,1.193103448275862
2014-04-25 05:00:00,3.3,1.1637931034482758
2014-04-25 06:00:00,3.3,1.0155172413793105
2014-04-25 07:00:00,3.5,1.213793103448276
2014-04-25 08:00:00,4.5,1.5655172413793104
2014-04-25 09:00:00,6.0,1.736206896551724
2014-04-25 10:00:00,7.8,1.5499999999999998
2014-04-25 11:00:00,10.3,1.6931034482758618
2014-04-25 12:00:00,11.1,1.9982758620689656
2014-04-25 13:00:00,10.1,2.1258620689655174
2014-04-25 14:00:00,11.3,2.1542372881355933
2014-04-25 15:00:00,10.8,1.9016949152542373
2014-04-25 16:00:00,11.3,1.8440677966101695
2014-04-25 17:00:00,10.6,1.9672413793103447
2014-04-25 18:00:00,9.8,1.5810344827586207
2014-04-25 19:00:00,8.3,1.6379310344827587
2014-04-25 20:00:00,7.0,1.5931034482758621
2014-04-25 21:00:00,6.0,1.3327586206896553
2014-04-25 22:00:00,6.3,1.1500000000000001
2014-04-25 23:00:00,6.5,1.2431034482758623
2014-04-26 00:00:00,7.5,1.2724137931034483
2014-04-26 01:00:00,7.5,1.1827586206896554
2014-04-26 02:00:00,7.5,1.2965517241379312
2014-04-26 03:00:00,7.3,1.1724137931034482
2014-04-26 04:00:00,9.3,1.193103448275862
2014-04-26 05:00:00,10.6,1.1637931034482758
2014-04-26 06:00:00,8.3,1.0155172413793105
2014-04-26 07:00:00,10.1,1.213793103448276
2014-04-26 08:00:00,8.8,1.5655172413793104
2014-04-26 09:00:00,9.8,1.736206896551724
2014-04-26 10:00:00,8.8,1.5499999999999998
2014-04-26 11:00:00,9.6,1.6931034482758618
2014-04-26 12:00:00,10.8,1.9982758620689656
2014-04-26 13:00:00,10.3,2.1258620689655174
2014-04-26 14:00:00,10.8,2.1542372881355933
2014-04-26 15:00:00,9.8,1.9016949152542373
2014-04-26 16:00:00,10.1,1.8440677966101695
2014-04-26 17:00:00,9.6,1.9672413793103447
2014-04-26 18:00:00,8.6,1.5810344827586207
2014-04-26 19:00:00,7.0,1.6379310344827587
2014-04-26 20:00:00,5.5,1.5931034482758621
2014-04-26 21:00:00,6.8,1.3327586206896553
2014-04-26 22:00:00,6.8,1.1500000000000001
2014-04-26 23:00:00,5.0,1.2431034482758623
2014-04-27 00:00:00,5.8,1.2724137931034483
2014-04-27 01:00:00,6.5,1.1827586206896554
2014-04-27 02:00:00,7.3,1.2965517241379312
2014-04-27 03:00:00,6.8,1.1724137931034482
2014-04-27 04:00:00,6.3,1.193103448275862
2014-04-27 05:00:00,4.0,1.1637931034482758
2014-04-27 06:00:00,2.8,1.0155172413793105
2014-04-27 07:00:00,5.0,1.213793103448276
2014-04-27 08:00:00,6.5,1.5655172413793104
2014-04-27 09:00:00,6.8,1.736206896551724
2014-04-27 10:00:00,6.3,1.5499999999999998
2014-04-27 11:00:00,6.8,1.6931034482758618
2014-04-27 12:00:00,7.8,1.9982758620689656
2014-04-27 13:00:00,9.3,2.1258620689655174
2014-04-27 14:00:00,10.1,2.1542372881355933
2014-04-27 15:00:00,10.1,1.9016949152542373
2014-04-27 16:00:00,10.3,1.8440677966101695
2014-04-27 17:00:00,9.6,1.9672413793103447
2014-04-27 18:00:00,8.8,1.5810344827586207
2014-04-27 19:00:00,8.1,1.6379310344827587
2014-04-27 20:00:00,11.3,1.5931034482758621
2014-04-27 21:00:00,9.8,1.3327586206896553
2014-04-27 22:00:00,7.5,1.1500000000000001
2014-04-27 23:00:00,5.8,1.2431034482758623
2014-04-28 00:00:00,10.1,1.2724137931034483
2014-04-28 01:00:00,6.5,1.1827586206896554
2014-04-28 02:00:00,5.3,1.2965517241379312
2014-04-28 03:00:00,7.8,1.1724137931034482
2014-04-28 04:00:00,9.1,1.193103448275862
2014-04-28 05:00:00,9.1,1.1637931034482758
2014-04-28 06:00:00,8.1,1.0155172413793105
2014-04-28 07:00:00,8.3,1.213793103448276
2014-04-28 08:00:00,8.6,1.5655172413793104
2014-04-28 09:00:00,9.3,1.736206896551724
2014-04-28 10:00:00,8.8,1.5499999999999998
2014-04-28 11:00:00,9.1,1.6931034482758618
2014-04-28 12:00:00,10.1,1.9982758620689656
2014-04-28 13:00:00,9.1,2.1258620689655174
2014-04-28 14:00:00,9.6,2.1542372881355933
2014-04-28 15:00:00,9.6,1.9016949152542373
2014-04-28 16:00:00,9.3,1.8440677966101695
2014-04-28 17:00:00,9.6,1.9672413793103447
2014-04-28 18:00:00,9.6,1.5810344827586207
2014-04-28 19:00:00,8.8,1.6379310344827587
2014-04-28 20:00:00,8.3,1.5931034482758621
2014-04-28 21:00:00,7.0,1.3327586206896553
2014-04-28 22:00:00,8.6,1.1500000000000001
2014-04-28 23:00:00,9.3,1.2431034482758623
2014-04-29 00:00:00,8.1,1.2724137931034483
2014-04-29 01:00:00,7.5,1.1827586206896554
2014-04-29 02:00:00,7.0,1.2965517241379312
2014-04-29 03:00:00,7.5,1.1724137931034482
2014-04-29 04:00:00,6.5,1.193103448275862
2014-04-29 05:00:00,3.5,1.1637931034482758
2014-04-29 06:00:00,5.0,1.0155172413793105
2014-04-29 07:00:00,8.8,1.213793103448276
2014-04-29 08:00:00,11.1,1.5655172413793104
2014-04-29 09:00:00,10.1,1.736206896551724
2014-04-29 10:00:00,11.3,1.5499999999999998
2014-04-29 11:00:00,10.8,1.6931034482758618
2014-04-29 12:00:00,11.1,1.9982758620689656
2014-04-29 13:00:00,11.1,2.1258620689655174
2014-04-29 14:00:00,12.1,2.1542372881355933
2014-04-29 15:00:00,12.3,1.9016949152542373
2014-04-29 16:00:00,13.1,1.8440677966101695
2014-04-29 17:00:00,12.6,1.9672413793103447
2014-04-29 18:00:00,13.6,1.5810344827586207
2014-04-29 19:00:00,11.8,1.6379310344827587
2014-04-29 20:00:00,11.1,1.5931034482758621
2014-04-29 21:00:00,10.1,1.3327586206896553
2014-04-29 22:00:00,11.3,1.1500000000000001
2014-04-29 23:00:00,10.1,1.2431034482758623
2014-04-30 00:00:00,8.8,1.2724137931034483
2014-04-30 01:00:00,9.8,1.1827586206896554
2014-04-30 02:00:00,9.1,1.2965517241379312
2014-04-30 03:00:00,8.8,1.1724137931034482
2014-04-30 04:00:00,8.1,1.193103448275862
2014-04-30 05:00:00,7.8,1.1637931034482758
2014-04-30 06:00:00,6.5,1.0155172413793105
2014-04-30 07:00:00,7.5,1.213793103448276
2014-04-30 08:00:00,8.6,1.5655172413793104
2014-04-30 09:00:00,8.6,1.736206896551724
2014-04-30 10:00:00,8.6,1.5499999999999998
2014-04-30 11:00:00,7.5,1.6931034482758618
2014-04-30 12:00:00,7.0,1.9982758620689656
2014-04-30 13:00:00,7.8,2.1258620689655174
2014-04-30 14:00:00,8.8,2.1542372881355933
2014-04-30 15:00:00,10.1,1.9016949152542373
2014-04-30 16:00:00,11.3,1.8440677966101695
2014-04-30 17:00:00,11.3,1.9672413793103447
2014-04-30 18:00:00,11.6,1.5810344827586207
2014-04-30 19:00:00,12.1,1.6379310344827587
2014-04-30 20:00:00,13.1,1.5931034482758621
2014-04-30 21:00:00,8.8,1.3327586206896553
2014-04-30 22:00:00,8.3,1.1500000000000001
2014-04-30 23:00:00,8.3,1.2431034482758623
2014-05-01 00:00:00,7.5,2.4737704918032786
2014-05-01 01:00:00,7.3,2.3000000000000003
2014-05-01 02:00:00,10.3,2.345901639344263
2014-05-01 03:00:00,9.1,2.4737704918032795
2014-05-01 04:00:00,11.3,2.3508196721311476
2014-05-01 05:00:00,11.8,2.0426229508196725
2014-05-01 06:00:00,10.6,2.278688524590164
2014-05-01 07:00:00,11.3,2.829032258064516
2014-05-01 08:00:00,10.6,3.25
2014-05-01 09:00:00,8.3,3.2129032258064516
2014-05-01 10:00:00,9.3,3.3704918032786884
2014-05-01 11:00:00,9.1,3.2903225806451615
2014-05-01 12:00:00,9.6,3.6564516129032256
2014-05-01 13:00:00,10.1,3.6838709677419352
2014-05-01 14:00:00,9.8,4.054838709677419
2014-05-01 15:00:00,9.6,4.146774193548387
2014-05-01 16:00:00,10.6,4.379032258064516
2014-05-01 17:00:00,11.8,4.596774193548388
2014-05-01 18:00:00,11.1,4.353225806451612
2014-05-01 19:00:00,11.3,4.090322580645162
2014-05-01 20:00:00,11.6,3.570967741935484
2014-05-01 21:00:00,9.8,3.3306451612903225
2014-05-01 22:00:00,8.6,3.0870967741935487
2014-05-01 23:00:00,9.6,2.803225806451613
2014-05-02 00:00:00,9.8,2.4737704918032786
2014-05-02 01:00:00,9.3,2.3000000000000003
2014-05-02 02:00:00,6.5,2.345901639344263
2014-05-02 03:00:00,6.3,2.4737704918032795
2014-05-02 04:00:00,5.5,2.3508196721311476
2014-05-02 05:00:00,6.8,2.0426229508196725
2014-05-02 06:00:00,7.3,2.278688524590164
2014-05-02 07:00:00,8.3,2.829032258064516
2014-05-02 08:00:00,8.6,3.25
2014-05-02 09:00:00,7.3,3.2129032258064516
2014-05-02 10:00:00,10.3,3.3704918032786884
2014-05-02 11:00:00,7.0,3.2903225806451615
2014-05-02 12:00:00,9.1,3.6564516129032256
2014-05-02 13:00:00,10.3,3.6838709677419352
2014-05-02 14:00:00,8.8,4.054838709677419
2014-05-02 15:00:00,10.3,4.146774193548387
2014-05-02 16:00:00,9.6,4.379032258064516
2014-05-02 17:00:00,9.3,4.596774193548388
2014-05-02 18:00:00,10.6,4.353225806451612
2014-05-02 19:00:00,11.1,4.090322580645162
2014-05-02 20:00:00,10.1,3.570967741935484
2014-05-02 21:00:00,9.3,3.3306451612903225
2014-05-02 22:00:00,6.8,3.0870967741935487
2014-05-02 23:00:00,7.0,2.803225806451613
2014-05-03 00:00:00,6.8,2.4737704918032786
2014-05-03 01:00:00,6.3,2.3000000000000003
2014-05-03 02:00:00,6.3,2.345901639344263
2014-05-03 03:00:00,7.8,2.4737704918032795
2014-05-03 04:00:00,9.1,2.3508196721311476
2014-05-03 05:00:00,9.1,2.0426229508196725
2014-05-03 06:00:00,9.6,2.278688524590164
2014-05-03 07:00:00,10.6,2.829032258064516
2014-05-03 08:00:00,10.6,3.25
2014-05-03 09:00:00,9.8,3.2129032258064516
2014-05-03 10:00:00,9.3,3.3704918032786884
2014-05-03 11:00:00,8.8,3.2903225806451615
2014-05-03 12:00:00,7.5,3.6564516129032256
2014-05-03 13:00:00,9.1,3.6838709677419352
2014-05-03 14:00:00,8.3,4.054838709677419
2014-05-03 15:00:00,9.6,4.146774193548387
2014-05-03 16:00:00,9.6,4.379032258064516
2014-05-03 17:00:00,8.3,4.596774193548388
2014-05-03 18:00:00,9.1,4.353225806451612
2014-05-03 19:00:00,8.6,4.090322580645162
2014-05-03 20:00:00,7.5,3.570967741935484
2014-05-03 21:00:00,7.3,3.3306451612903225
2014-05-03 22:00:00,6.8,3.0870967741935487
2014-05-03 23:00:00,6.0,2.803225806451613
2014-05-04 00:00:00,5.5,2.4737704918032786
2014-05-04 01:00:00,5.0,2.3000000000000003
2014-05-04 02:00:00,4.5,2.345901639344263
2014-05-04 03:00:00,4.3,2.4737704918032795
2014-05-04 04:00:00,5.0,2.3508196721311476
2014-05-04 05:00:00,6.5,2.0426229508196725
2014-05-04 06:00:00,7.0,2.278688524590164
2014-05-04 07:00:00,7.3,2.829032258064516
2014-05-04 08:00:00,7.8,3.25
2014-05-04 09:00:00,7.0,3.2129032258064516
2014-05-04 10:00:00,4.5,3.3704918032786884
2014-05-04 11:00:00,3.5,3.2903225806451615
2014-05-04 12:00:00,4.5,3.6564516129032256
2014-05-04 13:00:00,4.3,3.6838709677419352
2014-05-04 14:00:00,5.3,4.054838709677419
2014-05-04 15:00:00,7.3,4.146774193548387
2014-05-04 16:00:00,8.1,4.379032258064516
2014-05-04 17:00:00,7.3,4.596774193548388
2014-05-04 18:00:00,7.5,4.353225806451612
2014-05-04 19:00:00,6.5,4.090322580645162
2014-05-04 20:00:00,6.8,3.570967741935484
2014-05-04 21:00:00,3.5,3.3306451612903225
2014-05-04 22:00:00,0.0,3.0870967741935487
2014-05-04 23:00:00,4.0,2.803225806451613
2014-05-05 00:00:00,3.8,2.4737704918032786
2014-05-05 01:00:00,2.5,2.3000000000000003
2014-05-05 02:00:00,3.8,2.345901639344263
2014-05-05 03:00:00,3.8,2.4737704918032795
2014-05-05 04:00:00,4.3,2.3508196721311476
2014-05-05 05:00:00,4.5,2.0426229508196725
2014-05-05 06:00:00,3.3,2.278688524590164
2014-05-05 07:00:00,2.5,2.829032258064516
2014-05-05 08:00:00,3.5,3.25
2014-05-05 09:00:00,4.3,3.2129032258064516
2014-05-05 10:00:00,3.8,3.3704918032786884
2014-05-05 11:00:00,4.3,3.2903225806451615
2014-05-05 12:00:00,6.0,3.6564516129032256
2014-05-05 13:00:00,7.8,3.6838709677419352
2014-05-05 14:00:00,7.3,4.054838709677419
2014-05-05 15:00:00,7.3,4.146774193548387
2014-05-05 16:00:00,7.3,4.379032258064516
2014-05-05 17:00:00,7.5,4.596774193548388
2014-05-05 18:00:00,6.5,4.353225806451612
2014-05-05 19:00:00,8.1,4.090322580645162
2014-05-05 20:00:00,7.5,3.570967741935484
2014-05-05 21:00:00,4.8,3.3306451612903225
2014-05-05 22:00:00,8.3,3.0870967741935487
2014-05-05 23:00:00,8.8,2.803225806451613
2014-05-06 00:00:00,7.3,2.4737704918032786
2014-05-06 01:00:00,6.8,2.3000000000000003
2014-05-06 02:00:00,3.5,2.345901639344263
2014-05-06 03:00:00,5.8,2.4737704918032795
2014-05-06 04:00:00,6.8,2.3508196721311476
2014-05-06 05:00:00,6.5,2.0426229508196725
2014-05-06 06:00:00,6.5,2.278688524590164
2014-05-06 07:00:00,6.0,2.829032258064516
2014-05-06 08:00:00,5.3,3.25
2014-05-06 09:00:00,5.3,3.2129032258064516
2014-05-06 10:00:00,8.3,3.3704918032786884
2014-05-06 11:00:00,8.1,3.2903225806451615
2014-05-06 12:00:00,6.5,3.6564516129032256
2014-05-06 13:00:00,6.0,3.6838709677419352
2014-05-06 14:00:00,7.0,4.054838709677419
2014-05-06 15:00:00,8.3,4.146774193548387
2014-05-06 16:00:00,9.6,4.379032258064516
2014-05-06 17:00:00,9.6,4.596774193548388
2014-05-06 18:00:00,12.6,4.353225806451612
2014-05-06 19:00:00,13.8,4.090322580645162
2014-05-06 20:00:00,12.1,3.570967741935484
2014-05-06 21:00:00,11.3,3.3306451612903225
2014-05-06 22:00:00,9.1,3.0870967741935487
2014-05-06 23:00:00,8.1,2.803225806451613
2014-05-07 00:00:00,9.3,2.4737704918032786
