,,south_tower,south_tower,south_tower,south_tower,south_tower,south_tower,south_tower,south_tower,south_tower,south_tower,south_tower,south_tower,south_tower,south_tower,south_tower,south_tower,south_tower,south_tower,south_tower,south_tower,south_tower,south_tower,south_tower,south_tower
t_hour,,0,1,2,3,4,5,6,7,8,9,10,11,12,13,14,15,16,17,18,19,20,21,22,23
,cluster,,,,,,,,,,,,,,,,,,,,,,,,
2017-01-01,0,100.8100005,99.0541345,98.539567,101.4357845,98.4816645,97.805844,94.4647605,94.983261,104.62217,101.36215,104.6009755,106.95575,104.9514495,104.791726,107.381825,103.988083,105.216053,107.87345,105.297772,105.5317855,110.062383,104.160698,100.433525,97.65639
2017-01-02,2,92.2155215,94.69353,97.90985,95.432934,95.6783095,96.260175,104.752833,133.9879145,283.762017,240.998945,263.4928645,280.4191855,279.7964605,276.200169,281.5724285,289.8548895,288.749498,257.0615355,248.6444785,181.6134855,129.322284,111.230047,108.5470855,104.6818205
2017-01-03,2,103.7916515,101.9073075,91.7479315,92.043999,100.4516605,99.002787,111.1909355,140.103948,294.723725,263.7017505,265.3195245,240.3646395,239.125089,237.2938405,253.0376395,238.7123425,241.225748,227.8664395,214.3172545,163.7266385,138.1940395,119.6543145,117.3744855,105.088449
2017-01-04,2,115.5294715,104.092526,102.9076005,99.6797,103.38546,107.459174,114.5995355,147.4422705,181.33315,214.0441295,254.334,252.5547545,252.506903,238.2049855,253.2006405,252.5897145,259.785575,239.788455,208.1431,151.06674850000005,135.600663,115.7029605,109.540605,103.842999
2017-01-05,2,113.875645,113.996694,112.3961815,111.5479645,102.8306885,108.672723,117.6257605,146.875263,176.54363,196.5042605,223.615959,239.3411855,231.6036635,230.0051175,231.4789,248.707188,242.1417,244.740102,209.5919735,167.010475,129.060958,117.928383,109.6395855,113.762462
2017-01-06,2,115.1964775,104.650575,113.686424,108.93099,110.615625,111.899094,113.4379895,147.2823285,182.992002,213.54005,243.860858,257.3674355,253.4138965,231.5188855,244.226627,249.301945,243.1031,232.58888,193.6821145,155.0657355,125.821477,112.8480395,112.035875,112.2253145
2017-01-07,0,103.9157595,104.0979885,103.9550895,101.8609855,100.713642,99.3775145,100.678245,109.4044795,109.0461395,108.840094,106.0998855,105.919623,110.5354355,109.282338,109.43354,105.611975,106.1501405,110.8232,108.545119,107.726181,106.5989395,98.8115995,97.56025,98.0044605
2017-01-08,0,101.313206,97.3664405,95.906642,97.0504895,95.910138,97.0316985,97.5565355,96.5492505,97.4472855,98.5362895,98.3785325,101.3440145,100.174384,98.051875,98.923253,96.697175,97.5246345,98.1067185,97.1925145,99.500967,98.1993625,98.6309,99.687566,98.309705
2017-01-09,2,98.0191,98.1477965,99.873728,98.0971045,97.549325,98.4440825,106.5731565,135.153175,168.5030485,206.0527105,242.481686,252.7116375,266.3552145,250.231881,253.1359645,254.5522815,247.8299105,245.0964755,207.3593405,191.16565,156.538644,114.9154865,111.61417,107.501126
2017-01-10,2,107.86908,105.235281,104.3081855,99.992592,104.5218785,100.6920105,109.13485049999998,144.71255,163.6877455,216.1465365,258.8278895,256.7879735,254.3486395,229.0660045,252.9318855,243.8886075,255.1509715,237.8553855,214.6690395,163.5509645,143.6853815,116.235008,111.5261145,107.926327
2017-01-11,2,110.790425,108.5789865,104.681602,106.67126299999998,108.649125,103.492525,111.49618,141.0708105,159.2268495,207.913675,230.7104355,252.8628395,249.752055,231.743722,254.5487855,242.369814,244.39225,226.972556,202.8700395,168.2998435,146.6298875,116.1508855,108.680152,106.7658735
2017-01-12,2,112.8589645,103.891069,103.025372,105.078398,98.969575,100.242556,111.0344895,142.2450295,166.3538825,217.025125,252.566335,253.9588355,252.3047905,230.0003105,265.706488,270.600451,260.4557145,249.5800955,214.89475,185.227694,157.8004815,130.3970855,101.0088355,103.5906315
2017-01-13,2,107.4414755,109.9625285,101.5559595,109.6360895,97.1667315,106.385028,110.6958145,154.655174,165.6957605,212.6378635,233.253994,236.3988645,228.7443725,223.7149395,241.5593975,244.08635,242.320433,235.8998105,200.961005,168.39685749999995,130.8013105,111.095888,102.714228,103.5215855
2017-01-14,0,102.34103,108.343662,102.9849495,102.80425,98.854644,104.855091,102.6585105,112.8004065,130.0658395,126.443328,127.62585,115.616216,117.18592,113.8859145,111.313951,112.6111855,117.485702,115.4079855,116.9969175,111.9849645,115.4936375,103.821149,107.381825,106.216783
2017-01-15,0,106.942203,105.0899785,105.0169995,104.590706,105.55735,102.768416,106.6767255,103.3140105,101.73797,104.628725,103.8432175,108.344099,104.148025,105.2254485,99.0751105,106.540163,104.15895,106.7969005,106.9922395,104.996242,106.1036,98.977441,99.1480895,101.6193245
2017-01-16,2,101.1447425,102.2433605,104.743219,103.5215855,103.830763,106.5805855,110.5594705,135.6957105,169.1760285,205.4046395,240.0744715,255.131525,247.7328965,242.0396605,244.7682885,260.0405645,252.662038,249.3122145,212.101009,185.6448105,148.4871375,127.4691855,112.91643,115.1932
2017-01-17,2,111.7642795,112.2934865,107.6293855,104.6258845,105.7577145,107.4065155,113.3141,145.988153,182.4000855,213.4817105,242.720725,248.9661105,248.9407645,246.1103155,245.5103145,258.3834605,248.3508145,254.8350205,215.7906,163.7817005,130.0256355,119.45832,110.1093605,109.4346325
2017-01-18,2,110.7358,106.3087715,105.6666,104.463102,107.0905645,103.3878635,113.9221855,150.481824,188.270525,226.99091,251.6973605,272.341459,282.9210105,265.8522275,271.693825,261.8239615,258.8606645,244.785987,212.9245355,178.731689,145.4263895,128.1211895,116.5916,122.546162
2017-01-19,2,119.7259825,112.423931,108.037325,103.860916,107.9208645,109.8218145,117.4256145,143.4852355,188.073875,221.389881,253.87515,264.4586345,265.8670855,260.2581905,259.6726105,269.3040905,268.9260855,252.29321,221.2531,168.4785765,138.9150895,118.4241595,111.992175,112.4401
2017-01-20,2,110.0730895,101.9588735,104.7089145,107.8802235,109.850875,109.4643485,115.8886855,151.6514545,196.902149,222.1561605,253.4886235,284.1446105,272.0191715,265.160675,258.8969355,260.725562,265.4484395,247.1071125,214.5851355,154.7598355,134.8582,109.56267350000002,110.7395145,113.3007715
2017-01-21,0,112.440537,108.106808,93.4596605,100.27402,106.4276355,104.851158,103.2375355,115.150374,133.0300105,135.4907575,131.99585,124.171365,123.747475,123.0843275,118.612725,122.8120765,114.7562,113.026991,110.834125,108.5479595,108.2449,103.802795,101.5625145,102.192887
2017-01-22,0,102.3163395,104.6407425,103.077375,101.9968925,101.6643355,102.517141,101.984875,100.868777,103.8786145,105.665726,103.0701645,104.3156145,105.64475,104.0560365,106.204984,105.0912895,107.3829175,102.509275,104.8544355,102.461642,103.2703105,101.3623685,101.1727105,100.3983465
2017-01-23,2,100.87708,99.9054105,98.26819,96.9971755,99.188075,98.415459,102.4328,133.8943965,169.9455855,198.9851095,229.0026395,236.213795,239.6798605,226.376925,246.435225,244.455615,247.32015,234.1955105,212.2445635,157.9027395,130.24806850000002,116.2857,110.3387855,108.2521105
2017-01-24,2,108.5492705,104.479708,105.349775,103.929962,104.1006105,104.575848,109.7307,135.1385355,173.9515645,216.738453,239.6654395,256.001155,241.7739645,235.03760950000003,241.650075,250.292187,245.6960395,238.84235,212.8270845,170.9581145,144.103372,118.3468105,108.6939175,111.9884605
2017-01-25,2,108.6108875,107.5074625,108.4824095,105.1166355,103.6561815,106.9594645,106.7261065,133.798475,176.5552105,230.4119645,251.319137,268.2378105,273.1868355,249.5018725,260.6305145,267.8877735,282.1964645,264.117556,221.5954895,173.0447895,151.74825,118.447976,112.494725,108.226109
2017-01-26,2,113.8566355,113.274333,101.2054855,111.507105,106.376725,107.7631075,116.0599895,145.5343285,183.5218645,236.2231905,259.545225,275.931851,263.2088145,261.957028,270.4228105,278.8001005,268.25245,261.740276,218.9734895,174.2050245,135.5973855,107.87345,106.515691,101.670235
2017-01-27,2,100.5537,108.845775,95.8024175,95.28785,101.8911385,104.0569105,103.593909,136.9048895,166.5640795,208.612875,250.096848,259.829275,253.3675745,249.2501605,255.603048,266.9268105,253.3667005,237.9502145,205.6948075,172.0906,142.742991,117.22525,105.4990105,106.289762
2017-01-28,0,106.94264,102.4727855,105.631203,105.51365,103.0697275,104.7853895,105.9617935,115.5246645,124.2554875,119.3628355,123.1428855,128.335975,123.693724,127.2834605,128.80902749999998,132.5130395,130.586525,122.7058855,117.702891,113.9186895,112.90332,103.3249355,102.479122,104.7670355
2017-01-29,0,102.4277745,103.913356,103.339575,104.751085,104.3483895,102.587935,104.7489,102.640375,103.1038135,104.8107355,103.205853,103.216778,106.30025,104.836737,105.808625,104.6132115,104.625666,105.1022145,105.413577,107.6258895,105.4968255,105.9106645,104.62217,103.4840035
2017-01-30,2,105.459025,106.797556,104.2089865,103.7776675,105.7030895,102.9818905,112.494725,146.178248,175.3438465,206.2821355,239.312125,252.93123,256.5152855,256.17814,251.9267855,272.125581,268.805255,260.86715,208.6908795,172.5713,25.5048495,77.512875,75.590512,75.754387
2017-02-01,2,112.363625,107.2845925,101.5004605,107.843297,101.5987855,97.3463385,117.0218265,141.4750355,173.4726125,208.9006395,227.8812975,246.750302,245.2262645,249.439163,242.5824145,249.634939,242.82538650000004,247.0542355,197.702733,152.977531,123.9622605,113.307108,112.2834355,110.85357150000002
2017-02-02,2,108.2652205,103.8698745,103.5215855,100.0002395,95.8885065,109.8327395,112.3472375,138.5252855,189.258145,214.0506845,244.0647185,266.4788855,262.201311,254.53873450000003,260.4592105,265.8513535,253.36823,248.1808215,206.121975,166.2533725,134.60474,110.2588145,104.7596065,107.839364
2017-02-03,2,112.911623,108.6344855,107.1045485,99.521506,97.7763465,106.8283645,109.1383465,135.47764750000002,175.4155145,204.8548935,238.2307685,253.99314,248.2013605,244.792542,244.6031025,257.914778,259.99315,239.5675515,200.179649,158.194,134.965702,107.0359395,103.7125545,104.5249375
2017-02-04,0,101.158508,101.3413925,103.8139385,100.6990025,101.6599655,100.4407355,101.3837815,117.2770345,128.0665645,131.58201100000002,119.1862875,115.3983715,120.1712855,117.707698,112.235147,112.5275,110.2845975,109.392462,110.1425725,107.665875,106.5473735,102.831781,100.2624395,100.3419735
2017-02-05,0,102.4137905,101.519033,98.1901855,101.539135,100.459745,100.3061395,101.78604,99.6021325,100.6373855,101.9606215,96.803366,98.2063545,99.3993645,100.720634,99.705483,101.3403,103.5255185,99.4116005,97.28494,100.4590895,98.064111,99.177587,100.0439395,99.22522
2017-02-06,2,99.618083,101.0857475,96.854495,96.433227,95.439489,97.6548605,102.2879345,137.20488999999998,173.8239605,213.453524,261.7470495,254.649077,250.8089395,245.604051,246.13566150000003,263.6261495,247.6114105,238.7525465,204.475359,170.6578955,144.920125,117.191164,100.51,104.0132105
2017-02-07,2,97.6242705,99.251003,92.48231,99.130828,92.1377355,97.0220845,95.802199,125.8632105,164.9712145,214.0126655,261.073851,263.5291355,267.10751,245.5352235,254.6326895,262.6092505,258.2488645,236.97679700000003,215.30880750000003,179.7125355,151.7209375,119.97835,106.145989,97.461925
2017-02-08,2,102.355451,96.413999,97.99725,98.5804265,94.411665,98.8494,101.434692,139.8581355,190.486115,214.5632855,271.569717,261.940859,263.4273145,256.128322,255.8635,265.5275365,251.5116355,243.8169395,201.990577,170.0111355,145.08115949999996,116.3986645,101.2102925,102.4386995
2017-02-09,2,105.206439,105.808625,99.5754755,92.8880645,104.222315,96.3329355,106.607024,143.019175,185.1383275,228.01283450000003,255.022275,257.44653250000005,249.5232855,245.122914,252.2947395,255.110112,260.4338645,233.378102,205.5816245,153.0664605,129.82570800000002,113.1465105,93.9709505,92.428559
2017-02-10,2,93.8402875,97.160395,97.3979045,90.8778645,99.3941205,103.7802895,108.561725,137.194402,175.0257105,221.098402,245.4629,257.643401,253.301369,233.609275,257.072242,253.1613105,242.3639145,227.7207,182.379765,158.3550345,133.6164645,100.5644065,99.3556645,101.0407365
2017-02-11,0,98.803078,89.24960250000002,100.5609105,97.69135,99.1629475,99.3788255,98.0590855,106.029747,109.1663145,105.5287265,101.416775,104.250283,110.80135,108.2787675,107.6621605,104.7443115,106.9668935,108.6235605,110.28656399999998,107.0213,106.718459,99.690625,98.7678995,101.229739
2017-02-12,0,93.6986995,95.7757605,98.276056,99.17715,97.7654215,97.120191,98.8675355,97.98414,96.7699355,97.7339575,99.9419,102.6502075,100.53185,101.8647,100.2904075,98.8531145,99.5968885,97.614875,100.0950685,101.1290105,97.9463395,95.311448,100.083925,93.7048175
2017-02-13,2,95.365199,96.5767815,96.051726,94.6177105,94.1116645,94.839925,102.2070895,131.6206855,164.39568549999996,195.437325,244.0703995,244.005942,248.5072605,236.668712,250.2224855,255.379741,250.0074815,229.414075,194.021445,137.2654145,123.8639355,109.9929,105.001486,103.862227
2017-02-14,2,98.7316285,93.708969,100.069941,98.2413145,94.041089,100.6411,107.652328,126.1691105,174.0420235,208.388694,249.7199355,255.4088015,248.8568605,232.9478755,243.3580895,242.953209,257.0637205,227.797175,197.048544,162.8661855,128.0884145,111.348474,111.9447605,107.0975565
2017-02-15,2,111.025094,99.8070855,102.896894,99.691936,102.8005355,102.8446725,117.61855,136.3354785,180.522515,221.635475,244.89043,268.03395,257.631602,240.551894,257.513175,251.627659,250.16065,243.9419215,213.1321105,154.9508045,130.961034,118.7147645,113.0473115,112.3782645
2017-02-16,2,109.3118355,111.3290275,104.1399405,102.5566895,104.4867,102.519326,107.469225,148.542855,175.6440655,219.8400605,238.9295315,255.5538855,257.0715865,243.2317965,264.7383145,257.4382295,240.754225,231.278317,206.1536575,154.3193395,128.560156,116.3986645,113.606016,109.8545895
2017-02-17,2,107.3942795,109.8012755,109.993337,106.7698065,104.29005,103.369291,113.82167549999998,130.1239605,162.06582,204.2391605,243.901936,235.4920895,244.69815,221.526225,239.7563355,236.6326595,233.5583645,223.7901035,186.282175,148.02610249999995,124.295473,110.0001105,105.7786905,102.1660115
2017-02-18,0,101.397547,99.6943395,99.040369,99.0388395,97.51655,103.5565455,101.974387,107.403675,113.91541200000002,118.36145,112.9183965,112.6221105,111.0417,115.4578035,110.14585,108.535505,111.2202145,117.3264155,113.2776105,111.188969,111.368139,109.00965,106.3319325,102.535058
2017-02-19,0,102.596675,101.775989,101.222747,97.8006,99.371615,100.0255855,102.483055,100.7016245,100.3826145,101.0835625,105.385609,103.0736605,104.0184545,101.5878605,101.1543565,102.0248605,99.773655,101.1941235,103.0592395,102.5933975,101.067175,101.69427,100.9498405,103.6564
2017-02-20,2,100.3502765,100.135928,99.527624,102.2944895,100.2947775,99.8289355,104.536955,142.8275505,159.2063105,201.951247,321.05516,274.67635,261.1544775,250.3573,257.1283965,255.590375,251.7502375,233.3420495,225.6193855,176.7492385,133.226005,109.6797895,101.4965275,101.2456895
2017-02-21,2,100.3677565,100.703591,105.3679105,97.2252895,104.966089,104.957349,116.580675,151.41394499999996,301.191325,246.3200755,258.4922735,263.5291355,327.486926,302.7061855,297.923002,306.7047355,299.4151385,253.5983105,218.3144935,180.7722605,139.3000865,114.16625,113.9510275,109.0784775
2017-02-22,2,110.0075395,102.225225,108.1138,104.715688,103.544528,104.519475,110.3676275,142.70235,200.745564,222.87,248.142147,254.09365,356.9780895,300.691834,280.2963885,289.6873,276.9240595,248.5693145,209.9782815,176.5879855,138.7485925,109.850875,106.65116100000002,99.163603
2017-02-23,2,102.8879355,100.5539185,97.079987,96.019825,92.9062,98.419392,108.7074645,136.198916,172.6986855,217.1088105,248.2013605,252.805811,393.2053895,301.256875,333.27805,304.333355,301.3807645,257.5133935,213.27785,185.0657855,142.0687,122.4213985,102.0395,111.854083
2017-02-24,2,107.1587365,108.2049145,105.136956,96.6606855,96.845755,102.2944895,111.611111,138.102925,186.2094145,232.363825,247.153653,253.0667,391.920828,300.5395395,317.667536,304.0683145,269.7721175,223.995275,194.0247225,153.070175,128.98928999999998,101.6280645,103.3721315,104.105636
2017-02-25,0,103.4816,103.962737,100.5443045,101.4567605,101.0577795,102.601045,101.4277,108.190712,110.5026605,114.9115535,112.8733855,114.0095855,120.341497,115.75627450000002,114.7052895,117.40005,119.54135,115.475065,113.5288855,112.341775,111.6222545,101.08684,100.149475,98.743209
2017-02-26,0,100.3970355,98.9649865,96.9193895,96.6427685,100.0692855,98.44736,97.8006,98.4969595,102.0432145,99.079699,97.9244895,98.713056,103.9769395,105.095441,102.5639,104.800466,112.6513895,108.7192635,108.8966855,108.5497075,112.1741855,108.400472,100.6701605,104.3038155
2017-02-27,0,106.4167105,103.010514,101.7102205,101.3038105,103.97541,99.690625,107.0228295,124.7379355,156.0153365,160.20048549999996,178.2879155,188.7986395,209.8253315,188.1431395,187.716409,199.960275,192.117873,187.4220895,161.8755065,146.2711105,117.9517625,93.4159605,97.0745245,102.9281395
2017-02-28,0,101.404976,102.73433,101.428574,102.3163395,102.665284,93.0117355,101.293978,118.0046395,127.40319850000002,128.0665645,138.5934575,133.9769895,135.78901000000002,146.1837105,146.6744615,136.1873355,139.5937505,140.462725,137.005181,119.5157855,114.80667350000002,101.635275,102.7113875,105.261501
2017-03-01,2,106.1510145,107.25400249999998,106.1212985,102.9438715,101.7714005,101.3038105,111.465153,136.5443645,181.889888,221.0929395,254.983819,252.6259855,388.325192,293.42365,298.3991135,301.715725,297.8637885,259.9566605,209.1121475,177.3710895,139.29418700000002,114.9163605,113.1377705,113.3881715
2017-03-02,2,109.2681355,111.1712705,100.3935395,109.6588135,108.1575,107.170317,116.8046375,149.814525,184.4177145,225.5066395,262.9866,267.72805,370.4516735,306.194975,331.986715,308.9006605,305.520684,257.141725,215.846536,187.3163355,141.25719099999995,111.1909355,103.890195,113.407181
2017-03-03,2,110.49545,100.095287,94.465416,103.1680525,96.9010355,100.439206,114.8436,148.930474,183.8094105,231.0141505,264.570725,275.9438685,366.2934,288.5989515,305.539475,297.4919015000001,274.9239105,237.45574900000003,211.3513355,170.154253,142.5931,117.647392,111.708999,109.6177355
2017-03-04,0,108.628149,103.623625,106.1252315,103.4870625,105.8486105,98.537819,96.7699355,104.219256,112.603975,109.366242,111.1874395,114.3884645,113.2129345,112.5347105,110.569303,111.8573605,116.3387955,116.6062395,118.2012895,119.9090855,113.189992,105.8851,104.97177,105.9565495
2017-03-05,0,106.529675,105.0943485,105.7856825,107.928075,104.7674725,105.6410355,104.241106,108.22305,105.326177,105.7249395,107.242422,110.1714145,107.6805145,109.6797895,110.4021505,114.9893395,111.9862755,109.3192645,117.709883,111.1765145,111.19465,109.75255,112.7715645,106.9266895
2017-03-06,2,104.644894,106.659901,105.262375,104.6700215,105.2223895,105.0860455,115.6229895,142.6295895,168.7001355,196.9215955,234.7963855,257.386008,381.7632,284.907394,307.5022605,297.0540275,283.2924605,239.6566995,215.3245395,175.5383115,146.3475855,114.51453899999998,111.3840895,105.5680565
2017-03-07,2,108.3936985,103.842125,101.080722,105.08713799999998,95.4480105,103.1772295,111.249275,134.72491499999998,170.1422355,203.22685,249.7273645,240.9851795,371.286125,297.5181215,330.7178855,308.2416645,293.9093755,235.969075,215.8257785,182.7024895,143.76469699999996,121.1728895,110.855975,102.4474395
2017-03-08,2,111.668358,107.2898365,107.82975,93.8748105,99.416626,100.6411,115.7650145,139.4941145,172.49701000000005,210.6486395,241.09727,381.905225,287.6849660000001,305.9255645,298.893142,314.2539105,297.6990395,242.7497855,201.7159225,188.7767895,149.746353,110.6556105,107.3462095,104.2426355
2017-03-09,2,111.240098,103.994201,108.2411855,105.1026515,103.8165605,103.9830575,110.965225,137.94866399999998,168.124825,281.1808765,348.1834645,315.211159,401.6831895,359.443425,394.796725,424.6842475,382.7610895,258.679528,209.006175,195.0516725,154.0169355,118.822048,110.1744735,97.7422605
2017-03-10,2,100.818522,100.7348365,95.5791105,95.823175,96.277655,101.7735855,111.426697,135.655725,174.360378,442.626375,346.6321145,338.2963395,342.0195795,384.998311,383.041425,384.1944495,409.6147395,239.162234,193.5982105,181.199865,146.1583645,109.90047450000002,102.3526105,107.1875785
2017-03-11,0,103.5253,102.8695815,103.1357145,105.03732,103.6199105,103.012699,103.230325,109.4521125,114.8436,113.54134,119.967425,115.9481175,119.9565,113.1393,109.6172985,110.5865645,112.647675,114.4229875,110.6883855,111.6397345,109.8908605,104.258149,100.302425,101.4117495
2017-03-12,0,100.7558125,98.0263105,102.6349125,100.773511,99.962876,99.5523145,99.9866925,101.9046855,99.4081045,100.6229645,101.3182315,105.240525,98.8417525,100.193175,100.7951425,99.2901145,100.2624395,102.3613505,106.7470825,106.0199145,101.5314875,102.2835645,100.236875,100.780066
2017-03-13,2,99.6987095,100.0583605,102.323987,99.3700855,98.4646215,100.171325,106.661649,146.2055605,168.1420865,384.2285355,282.6950815,320.4230395,333.1746995000001,303.8498145,318.2668815,332.1490605,326.0319345000001,273.1724145,212.2803975,169.129925,145.877592,116.9558395,109.922106,109.9092145
2017-03-22,2,97.751219,97.2362145,97.0710285,103.3869895,95.8692785,100.1531895,111.138277,136.1838395,184.1625065,374.4615855,301.6241735,298.219725,310.2890095,319.8440145,328.4568475000001,333.2634105,294.493863,262.48405,222.15189975,181.8197495,147.1197645,113.32284,99.52675,101.658436
2017-03-23,2,106.3157635,104.7307645,95.8631605,96.5946985,103.5325105,93.98996,104.0315645,134.5769905,176.234234,323.0559645,306.2017485,321.3625895,319.51255,308.2543375,323.2561105,330.2249495000001,308.197309,264.2357645,231.227188,185.9397855,152.485906,119.116149,112.309,103.2191815
2017-03-24,2,105.4963885,97.516113,103.7064365,95.8085355,96.9399285,96.7336645,110.196542,137.80926100000002,169.5123,300.5563640000001,278.7113895,280.037466,276.239936,280.53215,282.6920225,287.84316,280.6486105,249.9904385,196.3513105,186.2504925,156.2972015,121.2310105,112.251316,110.8522605
2017-03-25,0,105.6414725,103.511753,106.4713355,100.062075,103.949627,102.924425,104.848099,108.3323,112.617085,113.2229855,108.2486145,99.9040995,105.502725,110.8072495,116.6516875,107.7058605,109.0885285,110.2623105,115.0072565,112.5430135,111.3913,100.1619295,100.2187395,102.377301
2017-03-26,0,99.789824,98.87878825,97.9677525,98.2994355,98.337236,103.208475,98.7801355,98.631337,95.7722645,99.073581,101.3877145,99.432358,99.266735,97.8187355,95.693823,99.9928105,103.47723,104.7312015,108.185031,105.9998125,106.385028,99.917428,100.147727,98.688147
2017-03-27,2,98.092953,98.598125,97.4127625,96.2311145,96.4459,96.448522,105.090197,129.734375,154.053425,197.3655875,240.382775,277.6188895,275.799003,263.9917,278.095875,277.9256635,258.0048,251.4661875,228.2287125,178.3670125,143.901478,120.068372,96.071828,103.077375
2017-03-28,2,101.6617135,104.169875,98.7255105,96.7681875,100.355302,100.18225,103.569,127.9498855,165.349875,207.7661875,269.355875,398.2981875,305.026,309.5780105,307.921125,324.3359375,294.0736875,258.9952605,228.87875,192.871698,154.861875,137.272625,121.9503125,114.503177
2017-03-29,2,115.7868645,111.644323,110.497198,111.5261145,112.7641355,114.7944375,117.999177,140.0311875,171.1036355,221.941375,243.682125,359.987927,295.0569375,332.165448,311.9360625,297.92475,311.90875,245.92175,226.092875,195.7486875,145.584802,128.086448,123.12475,112.2270625
2017-03-30,2,118.3450625,113.7565625,111.271125,111.7354375,112.536677,109.149927,122.797,137.9554375,185.288,214.80603900000003,242.2546645,378.3425825,303.4652545,310.2846395,318.6973265000001,303.638525,322.9917255,255.360513,214.949375,172.0073515,151.5666765,117.7642895,104.186044,108.70375
2017-03-31,2,100.461056,96.2534015,96.6644,99.4767135,95.643131,95.080275,104.137537,131.7482895,159.997062,197.5530605,227.5225205,378.8097355,291.832533,293.966841,300.5648855,299.5868795,283.470975,235.52180550000003,197.000037,173.9616155,148.4670355,110.5708325,105.014159,100.139861
2017-04-01,0,104.6752655,102.733893,101.9820345,99.507959,99.4684105,99.249255,99.4684105,108.661798,114.3644295,124.5377895,120.166697,108.8857605,107.262524,105.81955,108.0764365,105.78000149999998,106.7667475,114.7817645,108.111178,106.44008999999998,106.378473,100.0469985,103.4280675,100.6657905
2017-04-02,0,101.565792,100.006139,98.6018395,99.4032975,95.7320605,97.2073725,95.0538365,96.937525,97.533156,102.1013355,100.3319225,94.4066395,100.367538,92.4327105,98.957776,101.343359,97.7204105,97.18443,94.184425,103.182692,106.114962,98.663675,93.584861,95.9361395
2017-04-03,2,107.019115,98.87999,88.9441395,93.3661425,93.7764855,100.519177,102.047366,128.64908549999998,160.0047095,188.6928855,376.6186175,284.7398045,306.0785145,300.1925615,311.1367895,318.9044645,247.58322400000003,239.4067355,209.228608,180.06082450000005,154.949275,110.7823405,105.2551645,104.004689
2017-04-04,2,113.095163,104.2220965,102.128211,103.789685,98.2775855,103.1243525,114.7708395,149.8036,160.2441855,199.2442505,388.348353,323.4492645,328.242936,320.74926,338.6863620000001,356.394039,260.5575355,240.139803,199.936677,169.392125,143.8536265,114.6288145,111.9333985,107.9706825
2017-04-05,2,111.3111105,107.4843015,99.046924,98.3649855,103.6745355,94.8130495,108.4234145,139.3748135,177.869925,205.3950255,390.2447145,321.0245700000001,311.3188,332.2111145,348.99235150000015,344.5126645,257.632913,230.10235,199.58227,181.7507035,147.6441645,105.928363,105.7686395,105.4697315
2017-04-06,2,97.954424,102.19682,90.4478565,92.7381735,99.7926645,93.397825,103.0627355,129.71034,167.2580355,194.6242865,389.4572405,306.1694105,323.4750475,308.1324145,319.7404455,350.274291,250.8889105,234.554069,199.9312145,170.239031,154.350148,107.8443895,94.731549,106.1156175
2017-04-07,2,96.8245605,91.502556,99.3408065,93.1684,95.6267435,99.289022,106.73725,134.3283375,159.3229895,209.2672825,395.8090355,309.115883,335.4667645,304.041439,356.6852995,362.4915,235.679344,216.699997,186.7010395,159.94724399999996,139.3118855,106.2213715,98.258139,108.0226855
2017-04-08,0,104.7679095,103.230762,100.5958705,92.6472775,95.6520895,103.6164145,95.042256,107.4065155,115.91425,110.231502,102.8625895,98.3361435,112.8406105,109.705791,112.2178855,104.765069,112.4656645,101.195216,105.7878675,103.3068,105.8062215,89.3483645,86.480115,94.4298005
2017-04-09,0,98.262072,87.6768395,91.8283395,91.934749,97.4363605,89.2622755,90.7939605,90.426225,93.285953,96.8101395,98.2579205,88.48528950000002,99.060034,95.5209895,93.8402875,99.3738,101.760694,89.7748765,90.3678855,94.4411625,100.0293,92.57845,91.7291405,90.1821605
2017-04-10,2,93.1323475,87.6064825,89.083324,86.414565,98.3977605,90.806415,100.548019,122.4948145,364.9279935,235.925375,279.271405,303.3289105,309.382016,299.9168145,397.378084,427.610181,255.0041395,215.6212625,185.26615,143.81233,125.197878,107.1814605,98.170739,103.5325105
2017-04-11,2,105.027706,104.951231,100.066445,99.8800645,100.0373845,103.8493355,103.6636105,128.5217,424.3342105,314.5637435,352.387186,346.726725,390.606769,381.5484145,429.1875325,454.687575,244.961224,225.5927285,181.355,146.5918685,137.8260855,98.5170615,97.434394,99.078825
2017-04-16,0,102.0733675,97.4472855,100.8305395,99.7952865,96.3766355,100.934327,94.7780895,95.8622865,100.9323605,100.960984,101.7189605,103.438774,101.3693605,102.7826185,102.028575,101.2928855,103.758658,99.805556,96.5333,100.660765,98.2011105,100.860474,101.1919385,96.72995
2017-04-17,2,94.149465,101.3619315,94.9598815,96.2756885,97.7278395,100.100094,105.0974075,135.699425,450.8006785,270.273575,313.144149,344.978725,338.7311545,387.236625,363.4076705,415.9803,258.0701315,220.0913355,216.9268,180.399281,152.513,106.856114,103.9336765,105.38255
2017-04-18,2,96.6571895,98.7906235,102.2140815,90.414863,96.78676,92.0468395,104.6477345,133.48165,481.5396955,333.76749,330.5905,339.6003475,373.35095,354.330962,371.3636925,418.9082,265.954267,246.032748,215.5683855,191.5045435,153.7219605,110.7762225,107.2181685,101.788225
2017-04-19,1,106.315108,106.8209355,103.6972595,105.9543645,99.5444485,98.5397855,109.6793525,138.4343895,458.4324465,343.2488605,395.208816,404.5127645,413.3620145,421.19873550000005,425.184831,434.738525,258.390234,234.8134285,201.9414145,180.67765,149.81605449999995,111.9194145,109.0373995,100.5574145
2017-04-20,2,103.7121175,96.4338825,92.666287,99.9709605,96.4491775,98.4742355,103.3979145,140.877875,436.4329925,318.4783895,388.3573115,361.3406605,411.0043995,385.3319605,413.8392185,435.7145645,278.9403775,229.4177895,217.1599395,180.2334395,153.300911,117.9753605,108.407027,112.2580895
2017-04-21,2,108.52021,110.5173,103.732875,106.6133605,107.38597649999998,102.06135,110.5467975,138.9185855,161.1081345,193.601925,226.021644,232.7717645,217.889511,283.24155,570.8139884999998,425.201,351.2415905,370.0225395,273.7553725,181.128197,143.7220895,119.851183,99.668775,98.134905
2017-04-22,0,94.3445855,93.7222975,95.7110845,95.2548565,91.1654105,92.9243355,99.08975,292.44433300000014,155.4409,183.818806,190.7505,192.837175,209.792775,141.1947,111.960274,108.670975,105.9019245,101.220125,107.6171495,110.3387855,102.9307615,92.8041605,103.950938,96.5514355
2017-04-23,0,92.242834,97.638036,93.6855895,91.22812,93.266725,97.1409485,90.5973105,92.733148,99.3154605,94.417783,97.3636,101.636149,101.7919395,100.339133,101.9084,95.4335895,92.6804895,89.1538995,93.8822395,92.764175,97.3113785,94.2536895,98.0520935,92.8334395
2017-04-24,1,88.6596525,92.937227,93.8839875,89.2863105,90.076188,93.157475,106.858299,127.833425,451.7205635,324.0317855,352.0338715,368.7814595,416.4791355,406.3035905,424.17405,450.4392795,424.644699,258.5254855,186.5939745,158.12845,137.8116645,106.3935495,94.3008855,95.5716815
2017-04-25,0,97.4158215,94.3555105,91.2772825,97.4328645,95.5694965,92.8233885,100.9979105,98.271249,97.0238325,102.2289395,112.3459265,106.3948605,104.356037,114.152703,104.4357895,103.4949285,114.6760105,106.3804395,99.320486,108.9950105,105.2748295,99.0388395,100.1746025,92.1884275
2017-04-26,2,94.442255,95.5620675,96.6886535,93.887702,98.7766395,97.036287,104.803525,140.769936,443.463667,304.7382355,305.6817185,362.51335,327.1152575000001,352.012677,355.3684,345.099337,361.4062105,245.847023,213.6128105,173.436123,146.1583645,112.049859,106.911176,101.7626605
2017-04-27,2,105.872864,96.1590095,102.412261,93.460753,91.9266645,96.901691,106.564198,135.000225,343.566341,293.3508895,305.8032045,317.837966,356.2386855,317.828352,369.4762895,353.402337,360.85275,245.274553,197.2388575,158.3480425,123.8897185,100.70228,93.674446,99.569139
2017-04-28,2,99.509707,100.811093,95.9190965,101.698203,96.213853,97.6941905,106.0872125,132.6358365,367.671261,280.9204245,309.7335825,333.348407,351.3726905,319.6342545,345.003634,369.57527000000016,294.6131640000001,220.9238205,177.0970905,156.9666855,130.3774205,118.6964105,103.0867705,100.83775
2017-04-29,0,102.1887355,101.474022,92.039192,97.5639645,96.694553,103.569,99.8389865,102.312625,303.7095375,168.9623355,183.445608,125.3833845,109.8181,106.5985025,105.0803645,100.4258775,99.39565,101.9711095,106.5443145,103.9913605,99.948892,98.270375,97.871831,89.986603
2017-04-30,0,92.7897395,96.611523,97.2169865,98.82755,96.535485,97.8480145,98.135342,97.5748895,100.170888,98.5616355,97.987636,95.8159645,101.308836,98.2194645,98.512473,97.564183,98.7110895,99.018956,96.172775,97.6102865,97.156899,97.3236145,95.11305,96.1581355
2017-05-01,0,95.4834075,95.955586,94.88581,93.718583,91.9192355,95.6551485,96.4714645,100.187931,97.3708105,98.2631645,99.062219,109.3301895,104.41241,102.094125,101.470089,111.5661,103.8799255,102.006725,109.261362,100.0439395,103.461498,96.150925,98.349909,93.4775775
2017-05-02,2,97.5346855,98.318008,96.3831905,98.1648395,94.8191675,95.8177125,104.7307645,126.647844,392.5970855,254.2197245,339.2682275,316.573725,371.408922,332.8264105,371.936381,397.540648,359.9933895,247.2106815,210.7360395,173.587325,142.5931,113.5516095,100.8231105,98.126165
2017-05-03,1,104.955601,105.0912895,100.9590175,100.608325,97.134175,103.2401575,107.817514,136.617125,407.211458,333.2087855,323.409716,367.4368105,409.7130645,420.854161,470.9112,496.478322,492.65195,467.1969185,290.2263395,194.2318605,156.2412655,116.1109,107.872576,100.3861105
2017-05-04,1,106.88583,106.3778175,102.9683435,96.9303145,102.0807965,105.20993500000002,107.5384895,150.7665295,466.879875,353.161113,386.1827995,393.5257105,414.846722,389.2505395,400.4272515,419.8453465,384.62555,401.3108655,290.01505,195.8810985,150.4846645,118.5653105,111.350659,102.4146645
2017-05-05,2,114.040394,101.9737315,100.914225,106.425669,99.9783895,103.2694365,110.697344,137.6914895,381.777184,309.7637355,322.0263925,351.3189395,338.4506005,350.7871105,347.6844105,347.259865,343.7151395,308.223092,225.0019045,166.3949605,151.2140175,112.5967645,99.398709,102.8682705
2017-05-06,0,101.2845825,97.7317725,105.3993745,98.991425,96.151799,101.3427035,102.7786855,111.609363,303.1396895,189.729231,186.8902605,139.676125,125.5319645,113.1535025,118.3031105,117.625542,112.206305,105.4736645,107.78605,114.4649395,104.112191,100.0885135,99.5230355,101.7141535
2017-05-07,0,99.227842,99.0502015,97.8956475,101.3802855,91.0710185,93.9512855,92.7097685,96.877219,97.3817355,99.213858,100.149475,101.105194,97.42915,88.392864,90.295125,99.1362905,90.21865,91.2195985,95.1421105,104.6140855,101.5437235,101.31845,101.8474385,99.92005
2017-05-08,1,455.385901,98.005553,99.571761,97.3345395,89.99184699999998,98.4707395,105.701997,134.486313,440.83096050000006,323.050502,363.333162,395.9147895,419.9851865,435.11718550000006,451.437169,463.7830745,486.93446050000006,462.5686515,254.7782105,163.656063,128.28135,108.92814950000002,104.2172895,98.2518025
2017-05-09,1,103.085241,97.1632355,97.3664405,97.1514365,102.312625,94.4503395,105.576141,128.915,436.61347350000005,328.68955,366.360698,342.3870965,419.27965,364.4931785,391.8725395,423.3811135,360.5225965,346.1549105,244.115192,167.57617150000004,130.90335,108.058738,101.1364395,109.622761
2017-05-10,2,108.1887455,101.8863315,107.97680049999998,100.280575,99.4216515,107.7823355,107.9339745,140.7491785,419.967925,325.3995955000001,338.751475,336.6335545,361.1330855,339.9228535000001,339.09015,376.9865715,343.4018105,333.102813,231.514734,170.812375,140.26367150000002,112.2025905,112.11235,102.2188885
2017-05-12,0,96.8271825,104.2623005,93.0969505,95.320625,104.9466425,94.4210605,103.2755545,129.481789,137.8298,160.1471715,172.3818605,166.983381,173.95287549999995,163.186725,161.2396715,164.6653145,156.451244,155.86479,147.2290145,122.841574,115.6302,103.032801,96.1109395,99.540297
2017-05-13,0,101.9230395,97.2178605,93.3722605,99.344084,96.3840645,96.601909,96.489163,107.5966105,106.1291645,107.78102450000002,112.4036105,109.283649,106.3585895,109.8441015,105.8851,106.1619395,104.0114625,108.7183895,106.138997,106.16915,108.717297,96.4858855,95.6787465,95.6009605
2017-05-14,0,99.40002,95.7237575,93.8848615,94.8580605,98.226675,94.5534715,95.2732105,93.701977,99.0204855,94.695715,94.6542,97.019244,97.6258,95.8351925,95.5537645,99.578316,97.6841395,98.177294,96.6169855,99.2864,96.6244145,99.4356355,98.117425,98.7089045
2017-05-15,1,95.137959,95.337231,95.5791105,96.773213,95.94335,95.027835,100.7466355,135.7586385,442.626375,297.4593450000001,317.731775,395.1220715,391.4136895,416.742428,412.415691,448.68975,479.5749435,433.35476449999993,231.3322865,188.465864,145.146928,110.7705415,105.0497745,94.3533255
2017-05-16,1,106.617075,106.0928935,103.6251545,105.745697,103.7001,101.38837,113.5763,134.849023,477.6010145,406.6815955,427.2149145,429.593724,489.5201895,475.0725325,519.4909605,504.87484000000006,530.070075,493.5165545,347.797375,181.9023425,126.7262855,101.0612755,108.0956645,104.067617
2017-05-17,1,104.29005,102.2529745,99.0174265,91.8938895,103.133748,100.3716895,104.531274,135.3461105,490.9998715,306.8904605,393.6144215,414.8805895,417.060564,480.2193,426.9736905,449.946125,442.1004455,377.535225,338.774199,184.9421145,142.1453935,118.590875,107.1897635,97.4778755
2017-05-18,2,106.3221,103.2336025,103.09267,103.8567645,100.739425,102.2215105,112.9249515,130.3717395,358.763016,319.0290095000001,331.96705,343.260878,364.1702355,345.1804005,357.2547105,355.95004700000015,326.7848855,328.3113265,272.0069355,172.0523625,139.0789645,110.4235635,97.855225,100.807597
2017-05-19,2,101.323694,100.826825,102.797695,97.8733605,101.8478755,104.2098605,106.040235,133.4416645,338.5847595,275.06965,311.365559,310.564975,340.721034,303.4877600000001,329.9968355,361.858724,315.9363605,339.1952485,265.182525,159.123499,134.279175,105.00061200000002,98.1683355,94.7086065
2017-05-20,0,97.9996535,92.2177065,93.529799,94.8689855,90.3971645,93.101102,92.3405035,103.3030855,101.6027185,100.1750395,104.437319,105.446352,105.677525,104.7272685,109.1261105,106.74162,107.0070975,113.325025,106.380658,102.3818895,102.61197,97.362289,93.135625,95.1080245
2017-05-21,0,97.1715385,91.151645,91.5552145,92.441669,95.4340265,93.6016855,92.012535,92.4545605,95.7220095,92.736644,91.87925,92.672842,99.5086145,94.788359,95.0293645,95.8194605,100.166955,96.260175,95.846336,95.0171285,98.1464855,94.402051,95.5756145,92.9072925
2017-05-22,1,95.380931,94.2716065,93.37379,95.1158905,95.3680395,92.88435,101.000314,130.389875,507.546658,333.8498645,378.5117015,414.2565535,452.3424145,456.888744,469.0502355,479.3289125,430.728176,451.2389895,299.2490785,167.7824355,128.884847,105.611975,106.4044745,96.6016905
2017-05-23,1,102.049551,98.220994,98.7183,94.5731365,97.8624355,96.762725,110.2181735,129.6760355,437.6688285,343.7605875,402.3203355,436.2651845,471.6831605,480.49417300000016,530.070075,522.7439885,558.1608719999998,475.5471145,453.769001,193.9587355,128.591183,105.221297,103.59085,97.7654215
2017-05-24,1,101.106942,100.4376765,93.4452395,94.5810025,95.4882145,104.6490455,99.5501295,128.0613205,478.7699895,410.6246465,449.096597,510.1028895,513.82023,538.3221645,538.515974,496.1866245,483.595125,481.0048075,445.532425,186.551367,124.4425235,109.610525,102.9198365,98.1552255
2017-05-25,1,105.480875,97.697905,91.4204,95.177289,102.333164,99.199,101.812697,136.58435,444.6922925,506.578703,477.87763550000005,535.8579215,576.3337355,526.3665,501.5328825,498.8282895,484.5895185,483.835475,446.301545,182.5512875,130.8633645,97.7881455,94.218511,103.317725
2017-05-26,1,104.625666,99.6327225,99.795942,98.2727785,92.873425,101.6158285,109.28496,129.4977395,391.652073,362.1491105,343.6207475,361.6832685,366.653925,352.762569,373.798875,404.792663,408.21918,365.5505,381.6930615,182.0979,129.6227215,100.646781,99.9783895,92.646185
2017-05-27,0,96.3137075,94.8099905,92.6219315,85.327309,89.2791,94.7147245,92.7268115,101.4204895,107.2579355,100.3533355,99.1747465,104.453925,104.8828405,107.2107395,107.4436605,110.5647145,106.5368855,101.7054135,109.715405,103.7073105,103.650719,97.9498355,100.8318505,93.996952
2017-05-28,0,91.977575,91.400298,96.4937515,91.0417395,91.4831095,90.4321245,96.4933145,88.7164625,93.49615,94.208023,97.0688435,92.6730605,94.945242,100.0985645,91.39418,99.8665175,97.527475,104.1665975,97.8917145,98.4134925,97.221575,97.990695,92.8054715,94.7780895
2017-05-29,1,94.0146505,96.3521635,94.256967,94.3992105,93.395203,98.4816645,99.060908,125.361316,416.9017145,353.1766265,354.4325645,385.543687,381.150526,377.0071105,391.0286925,402.1346105,402.9360685,379.371062,352.6443605,200.4473115,132.4984,105.7651435,104.53477,98.270375
2017-05-30,1,99.333159,99.4330135,98.1486705,96.20555,96.1070065,100.957925,106.887578,127.014924,396.6284105,313.9890885,340.5831605,399.7166895,375.9945815,381.599325,400.191053,412.402144,405.6415355,393.9740725,346.2351,179.56745149999998,132.3758215,108.00455,95.36214,103.204542
2017-05-31,1,103.0081105,99.1275505,99.29077,97.8606875,95.2080975,99.8545,107.536523,126.641289,390.994825,316.6858155,377.7792895,376.690067,432.054908,442.68471449999987,449.348309,411.1296,441.244581,380.22496,375.6633355,194.6977025,137.5940385,112.1706895,98.806137,97.082172
2017-06-01,1,97.9463395,101.55443,96.226526,95.7394895,90.982526,97.874453,100.0220895,129.619444,398.248588,319.5162645,354.7992075,360.1354145,410.449628,399.329289,447.1893105,434.273994,427.8922645,418.58482,357.2271795,181.1839145,139.3324245,107.2518175,97.505625,99.9364375
2017-06-02,1,99.4238365,101.144524,93.632931,92.8465495,93.6855895,100.985456,104.997116,124.91645,379.322992,314.257625,350.8972345,358.1514345,400.05165,358.6299495,424.556862,417.8775355,398.6941095,414.6839395,334.325539,196.5409685,138.46345,104.9138675,103.4306895,97.2619975
2017-06-03,0,97.4166955,99.29951,97.7518745,96.7812975,95.4834075,95.0475,95.6201885,102.902575,328.3991635,175.740424,202.101575,186.804827,185.8925895,126.8639405,105.8866295,110.3387855,105.7987925,105.559535,105.8451145,107.9444625,103.6819645,91.5311795,95.7482295,97.1706645
2017-06-04,0,96.6947715,97.5102135,95.823612,96.3585,95.582825,97.046775,92.67022,93.6873375,97.9572645,92.32062,95.9287105,93.2485895,97.0233955,95.3824605,88.7903155,90.972475,97.460177,89.0245475,96.4094105,93.7008845,100.9542105,96.788945,97.4673875,93.4924355
2017-06-05,2,95.156313,96.5938245,95.931114,96.4858855,93.8337325,96.587925,98.8631655,125.310187,432.57166050000006,284.3132925,295.0624,308.556523,335.7634875,306.7012395,329.7429385,346.617475,324.007969,311.2233155,281.242275,161.5748505,132.01813700000002,108.2084105,106.0391425,100.1684845
2017-06-06,2,101.6861855,99.4797725,102.203812,97.7496895,99.18589,103.656837,104.2172895,122.80464750000002,311.6065645,262.1814275,362.111747,334.7238645,345.6047275,328.656775,340.7116385,340.5613105,333.6466595,336.4242315,302.2910355,168.040047,125.0547605,107.7884535,105.5829145,97.188363
2017-06-07,1,105.0803645,106.98633999999998,97.028858,101.952974,100.88145,103.8502095,105.8778895,125.681637,313.995425,304.4166035,321.642925,352.9174855,382.1820645,373.5657355,415.34665,469.000636,437.2038605,398.2177795,374.410675,173.4769825,116.6353,102.6563255,107.7499975,103.7147395
2017-06-08,1,103.407747,102.116849,102.1559605,95.9737215,96.136067,105.1422,102.345837,121.6972895,382.1672065,300.9691105,405.1350525,409.6693645,407.1369495,406.6103645,412.8786925,395.0761865,390.0598635,376.6138105,355.558932,194.2427855,133.142101,113.2194895,103.6745355,104.585025
2017-06-09,1,108.8542965,102.1065795,99.8652065,99.1734355,96.3657105,100.4516605,101.3212905,129.9128895,434.985867,325.7325895,375.98169,411.8106645,385.8458725,395.9287735,400.3357,408.305706,386.253375,341.4541015000001,301.672025,174.47989750000005,119.4467395,100.486402,99.6178645,101.713498
2017-06-10,0,99.3670265,98.7399315,97.986325,96.11815,97.8807895,96.9447355,97.2034395,103.170019,104.987065,106.901125,338.8307905,198.7329605,189.032216,193.3288,220.289078,185.3354145,185.8956485,124.7925605,106.755167,102.3491145,103.1501355,97.6295145,95.955586,93.3869
2017-06-11,0,94.0273235,96.260612,91.3218565,91.1326355,93.807294,95.76855,92.035259,92.5965855,90.141738,96.1362855,324.260992,176.30765,171.130511,188.2196145,189.6084005,177.5930855,167.49357849999996,121.4423,90.00670500000004,94.58865,96.7909115,98.6673895,95.181659,95.856824
2017-06-12,1,96.3840645,95.8609755,95.6306765,95.256386,95.0328605,98.851585,97.330825,124.694017,421.19873550000005,357.609336,391.0276,427.1917535,451.5448895,433.60756900000007,461.089625,537.7995125,514.32715,456.594206,426.020375,180.6494635,136.398625,106.3498495,95.713925,101.384437
2017-06-13,2,96.906935,96.4059145,97.8156765,97.962727,91.6644645,101.6866225,96.8245605,103.308985,101.4969645,114.2403215,494.6003145,291.1567125,290.2918895,307.5254215,314.4907645,308.4518615,305.364675,276.5722745,129.41755,98.1530405,106.874031,96.893825,95.2836985,96.3766355
2017-06-14,1,94.0456775,94.469349,95.2408725,98.1866895,94.280565,95.5236115,99.3010395,130.93372150000002,483.95193550000016,352.05899900000014,392.2986145,435.538672,418.6060145,412.762669,445.8711,410.5254475,434.0356105,410.5411795,385.0881145,195.5065895,130.7104145,105.22523,101.5550855,101.7773
2017-06-15,2,106.014889,101.415464,102.2215105,104.5957315,95.767239,95.8850105,99.1061375,102.9609145,103.8978425,107.8697355,480.76118,278.7476605,281.6082625,289.894875,270.115381,278.969875,285.2327405,279.472425,148.0151775,104.5013395,102.31481,104.6870645,100.814152,102.640375
2017-06-16,1,101.7735855,99.18589,101.4895355,100.7553755,97.0976855,101.937242,102.45028,123.6528645,475.420603,339.112,401.4214265,354.8586395,498.0705315,450.39405,445.729949,252.43305,323.8473715,336.8686605,317.2250735,196.45335,135.7665045,110.5354355,110.4301185,99.60541
2017-06-17,0,108.3067355,91.4905385,100.1562485,100.0155345,89.6249855,93.44808,99.4175,104.8513765,181.24575,245.975064,245.3355145,248.271936,254.1773355,256.147113,242.5277895,240.516497,138.8967355,100.583416,106.1182395,113.618689,100.4306845,103.5106605,102.323987,97.0976855
2017-06-18,0,105.85888,94.2584965,97.2799145,94.611811,92.302266,101.3403,93.189813,92.2906855,100.8475825,154.5085605,240.548835,238.1175855,233.4290125,245.8306355,233.724206,232.5314145,131.5407145,90.8158105,91.0775735,101.18735,92.2592215,97.9681895,102.5610595,96.577
2017-06-19,1,92.786462,101.9601845,90.282015,97.505625,100.2165545,95.2697145,104.571478,131.023525,278.716852,459.4108895,599.9015825,601.454025,556.2094485,495.3541395,370.491222,398.227175,376.9970595,355.6378105,333.96414,183.2413105,131.00691899999998,116.4860645,94.2694215,95.8295115
2017-06-20,1,98.619975,100.1387685,93.7935285,91.484202,101.3003145,94.4848625,101.359965,125.4008645,496.920566,570.973275,580.9882225,492.268264,489.0102105,475.367289,481.837948,538.8172855,506.866686,463.1581645,443.39789850000005,191.5058545,137.4655605,105.20338,116.869969,109.8143855
2017-06-21,1,116.5437485,112.0260425,109.69836200000002,117.1852645,107.49326,105.763177,113.64185,129.4566615,503.3366,588.544608,529.186898,544.5712645,559.51732,549.006159,567.29155,601.885344,545.3578645,549.2515344999998,482.4862375,200.0513895,135.3389,102.1013355,106.596099,108.4373985
2017-06-22,1,102.0427775,104.424209,108.542497,100.328208,99.078825,106.7427125,101.4895355,130.059066,584.9255925,441.533875,492.7382575,507.768217,521.5632145,511.9072625,558.9651705,584.4829115,568.4314645,523.9924975,459.801349,197.2253105,123.884256,104.20265,107.9899105,99.943211
2017-06-23,1,101.33156,110.954737,99.8953595,99.230901,106.5989395,100.9004595,101.4436505,136.9166885,530.8276145,413.842933,484.9762635,508.888685,544.5529105,601.572452,556.909741,553.595533,550.4467295,524.3635105000002,476.737284,173.2672225,122.9718,103.798425,98.952969,105.89012549999998
2017-06-24,0,92.818363,91.505615,98.204388,94.0788895,90.830013,93.85449,97.2231045,97.0286395,102.2079635,451.4072345,245.44105,245.5666875,247.869459,227.3896725,219.7819395,224.4731345,186.7451765,145.684875,99.186327,99.6401515,103.5408135,96.828275,94.9502675,90.977719
2017-06-25,0,97.380206,92.974809,90.8997145,90.2879145,97.156025,91.9992065,88.3214145,89.8919925,96.888581,92.3544875,91.8318355,89.7635145,98.019537,92.4401395,91.238608,89.323237,100.996381,93.2739355,90.87415,92.8006645,98.6922985,90.7830355,91.2567435,91.65201
2017-06-26,1,102.859312,97.08392,93.5304545,93.047788,101.586331,95.0839895,93.528925,125.3768295,564.3935845,346.0675105,393.0742895,420.9902865,418.2236395,434.1514155,468.4178965,459.0053535,441.1552145,457.6825545,378.761884,202.997425,138.5217895,120.4933545,100.8148075,101.613425
2017-06-27,1,110.450439,103.153413,101.5039565,105.7725725,103.368417,102.3744605,102.5164855,136.6903225,462.34228550000006,384.024675,416.821525,468.7246705,435.044425,453.01233550000006,458.052038,444.78231449999987,430.608001,417.2039,393.7398405,189.326317,141.4531855,108.1314985,100.7103645,109.176147
2017-06-28,1,101.0962355,100.3502765,109.6448295,99.96375,99.2411705,109.3992355,103.9703845,131.4131105,493.74466849999993,353.5148645,363.251006,376.071275,385.9048675,344.6765395,383.794376,403.1615605,347.880842,377.8120645,311.825283,174.7563,139.2646895,102.1546495,99.8145145,109.3533505
2017-06-29,1,100.754283,99.066152,98.82755,105.8306935,98.2011105,97.7855235,98.4488895,136.3512105,420.7873,312.685736,379.021025,352.42848250000014,373.3909355,355.4149405,341.176825,414.1625985,350.004225,335.6743395,328.918101,183.1941145,131.1194465,111.336675,97.972778,98.8456855
2017-07-05,1,102.220855,101.0695785,110.9025155,101.3475105,100.275331,108.4889645,103.5543605,135.52790249999998,531.1042355000002,426.2849785,421.235225,442.6453845,453.048825,450.0031535,440.51413550000007,509.6125755,475.0227145,464.638502,415.3503645,182.4730645,125.616524,110.8050645,98.1145845,100.4407355
2017-07-06,1,97.665567,104.8443845,95.739708,96.20555,95.4768525,103.4743895,97.5220125,126.4241,468.23239,369.4872145,412.2585895,410.4741,433.9119395,421.2651595,431.28251050000006,465.2824215,452.05465,434.97232,380.8929145,185.596522,125.386225,104.4331675,102.0030105,102.7834925
2017-07-07,1,98.1355605,97.548888,100.5906265,98.576275,95.859883,96.16185,100.310728,125.3462395,456.4851745,358.176125,398.4786685,402.84845,409.6001,418.853575,428.50756050000007,471.6866565,454.643875,411.0773785,387.2656855,180.702559,141.6826105,99.9871295,96.3001605,108.242715
2017-07-08,0,95.350341,92.2688355,100.645033,92.4750995,92.3855145,99.5204135,93.2995,102.0991505,389.0027605,238.438562,202.5894855,219.50073,204.264725,211.6921955,236.034625,216.041875,175.15549950000005,120.1166605,113.82976,103.3030855,101.773367,99.5413895,100.132869,92.9571105
2017-07-09,0,94.096588,101.6643355,89.0743655,89.03875,101.0673935,88.48528950000002,87.892499,93.45245,91.5696355,89.901825,89.00968950000002,100.8554485,92.1158855,90.2105655,99.5486,91.9266645,91.6321265,101.3986395,96.443715,93.9477895,101.6826895,90.322656,89.2828145,94.1051095
2017-07-10,1,99.6615645,93.919166,92.62215,102.2870605,93.441525,99.0764215,101.4641895,126.4518495,520.9986105,354.8040145,372.418392,395.648875,427.0462325,402.356825,412.0982105,443.4009575,422.9760145,408.3618605,363.555595,188.2231105,138.2193855,100.57555,100.1510045,109.938275
2017-07-11,1,97.9109425,95.670225,103.9306175,96.566075,95.770298,103.6308355,99.4758395,121.451477,440.9367145,342.142158,377.6481895,426.05315,450.414152,442.167525,474.4375715,467.3096645,477.54988550000013,454.752688,409.3451105,198.487585,139.982025,113.0547405,104.9855355,101.2129145
2017-07-12,1,106.9642715,103.569437,99.0825395,99.166662,107.1814605,99.8726355,97.2506355,139.5850105,493.89368550000006,412.5024355,472.626425,508.8006295,518.1072,538.5515895,536.1952855000002,508.5659605,489.52281150000016,484.359875,438.98813150000007,192.8081145,137.5494645,105.265434,112.2653,101.5397905
2017-07-13,1,99.61415,106.43135,96.488726,97.4472855,98.0918605,105.6183115,95.6446605,128.632698,488.380275,512.7513280000002,489.43628550000005,550.325025,577.7810795,578.2530395,531.0871925,497.7467145,508.5733895,482.1042995,447.455225,192.2338965,140.7867605,125.735825,108.136524,118.53625
2017-07-14,1,108.9019295,102.977739,110.84505,99.6698675,99.7598895,109.09705,99.881594,128.8675855,508.7407605,424.3023095,443.37648550000006,468.040547,516.1042105,539.968125,541.0416155,554.6004144999998,550.3361685,481.1297895,431.5302895,174.5817185,127.1195855,110.2841605,95.4300935,98.5035145
2017-07-15,0,100.740736,97.6767105,95.2819505,96.3840645,99.885964,94.2427645,91.5578365,109.5122,409.1812355,241.997053,245.22255,254.1773355,245.8852605,248.512286,293.7114145,251.5990355,194.127636,129.9638,101.824059,103.132,101.5843645,101.3108025,92.4073645,90.155285
2017-07-16,0,95.5900355,97.0439345,90.316975,90.989081,100.302425,94.0496105,89.4357645,88.20845,97.68698,92.0686895,91.0780105,143.61852050000005,155.02575,93.1174895,91.3767,104.8872105,93.9831865,90.666575,91.908966,101.2238395,94.5486645,92.502412,98.4960855,91.8654845
2017-07-18,1,99.8918635,99.930975,103.919037,95.3461895,95.988798,100.2222355,99.0541345,123.0336355,498.0124105,363.4011155,418.97375,450.40082350000006,464.629325,441.2753895,459.148034,450.3322145,460.95677699999993,415.5033145,353.3068525,167.7133895,118.0190605,112.7348565,100.215025,101.060183
2017-07-19,1,110.3715605,102.701992,101.2968185,106.1947145,102.443725,100.894997,110.4663895,133.585219,489.057625,355.4957855,422.78439,419.7822,439.2123125,425.8711395,448.9263855,470.8458685,461.3992395,456.3300395,376.4355145,174.6214855,124.978941,104.7307645,113.544399,111.5951605
2017-07-20,1,108.919628,104.90185,115.170039,100.4372395,101.0481655,111.3001855,104.366525,130.80633600000002,471.8326145,331.169525,387.1000625,380.8745605,379.413014,388.5876105,414.243225,423.992695,405.896525,383.556648,295.750675,166.354975,125.90843999999998,117.039525,107.731425,107.6258895
2017-07-21,1,116.610391,102.4765,101.7993685,110.3134395,101.22668,100.608325,111.215626,126.7337145,409.6073105,325.889691,330.7397355,386.1329815,365.0516645,351.28245,373.2895515,392.480625,397.3739325,356.8360645,289.9084220000001,164.0460855,115.6374105,100.7164825,105.6082605,101.752828
2017-07-22,0,104.822316,104.3593145,96.095863,101.526025,97.3636,92.1268105,90.5645355,107.609065,101.3658645,104.2391395,107.8854675,114.90915,106.12545,103.6854605,108.9805895,106.839508,101.9702355,101.49325,110.7626755,103.5762105,102.3491145,92.7460395,99.96375,91.815448
2017-07-23,0,92.5952745,91.8501895,99.2892405,90.4080895,91.2370785,91.39855,98.1027855,90.4190145,90.2149355,93.0226605,101.0175755,92.8662145,92.7241895,92.436425,102.8698,94.575103,99.2864,108.6353595,101.4277,97.5639645,95.3300205,101.5987855,92.113045,92.6149395
2017-07-24,1,95.087267,105.322244,94.905475,95.3815865,95.6957895,104.1845145,100.97759,119.2282395,485.6381,432.8048,403.8900395,402.3177135,435.58346449999993,444.929802,453.595075,462.56078550000007,455.70534800000013,449.02121449999987,376.3625355,179.0220755,140.6849395,107.9562615,107.0722105,110.527351
2017-07-25,1,104.2682,103.7217315,112.54935,102.5435795,102.8698,110.804409,104.6031605,131.64625,482.0479265,353.4200355,424.291603,472.539025,455.5288,467.312942,504.024875,491.12245,470.4910245,426.0385105,356.616035,177.8115855,147.7934,108.898215,107.9025105,116.1692395
2017-07-26,1,106.5041105,115.906384,106.008334,105.196825,111.9775355,102.615903,106.6535645,137.010425,456.8522545,444.855075,454.131274,467.8047855,506.537625,510.003035,492.1675355,496.53753550000016,470.626713,453.3001,392.8195185,181.6790355,151.9411855,112.6343465,112.41825,105.64475
2017-07-27,1,106.194059,115.247825,102.141758,112.8698895,100.7103645,100.653336,112.1488395,130.2926425,398.5477145,436.5702105,438.789078,429.7932145,460.645633,443.7916355,470.10275,474.5109875,510.15751449999993,454.2215145,371.856847,187.0834145,131.50116599999998,115.8559105,104.0678355,109.662091
2017-07-30,3,87.870212,83.9055295,81.940559,90.896,80.8517735,81.26015,90.3045205,79.479375,80.6559975,89.01318549999998,79.588188,90.142175,83.2408525,82.9681645,91.4533935,81.8647395,80.7538855,91.2418855,81.9923435,82.5748645,86.725709,77.9024605,80.41193299999998,87.5457395
2017-08-01,3,100.804538,88.4193025,96.5754705,85.3935145,92.7665785,84.01325,84.713761,106.9376145,104.387064,117.574413,344.2832395,268.043127,247.62605,232.6297395,238.0048395,242.446289,127.8624855,108.7349955,104.300538,92.7751,97.974526,79.7234395,79.335165,89.29570600000002
2017-08-02,3,80.4562885,80.4134625,89.049675,81.093216,79.9345105,89.04312,79.9109125,101.438625,118.0693155,109.8181,343.523078,265.679831,223.8460395,226.147063,226.4243395,234.8732975,120.2114895,97.2724855,96.2018355,100.4494755,90.6742225,80.82315,79.9458725,80.60486850000002
2017-08-03,3,89.3177745,79.8908105,80.40100799999998,79.546236,76.95198549999998,83.259862,74.4353025,93.6200395,100.601333,108.0847395,353.99622,306.5080855,254.626353,262.48842,269.967675,290.796406,125.2806895,98.971323,103.5543605,95.3304575,90.2769895,78.85555749999997,76.6185545,85.182225
2017-08-04,3,75.917388,76.0788595,77.425475,76.1688815,85.4699895,77.7342155,76.4468135,95.757625,113.8977135,104.388375,355.5565285,340.22635,262.228842,255.1278105,263.800294,278.1738795,122.7460895,104.1303265,93.7327855,89.042683,85.8012355,84.93116850000001,76.2746355,77.120012
2017-08-05,3,75.417023,78.08753,79.904139,74.23756,74.0424395,73.55977299999998,81.4959115,80.5572355,83.5616105,87.8660605,87.8643125,94.3738645,84.973339,83.5179105,85.7501065,89.7123855,82.901085,80.397075,80.340265,80.943325,89.9479285,73.2339895,73.514325,74.70799050000002
2017-08-06,3,72.88875949999998,81.210769,73.164725,73.09480500000002,72.5238645,72.816873,79.9445615,71.5331855,72.31279350000001,72.4508855,71.9583865,82.30895,73.82743549999998,73.24491450000002,72.6344255,78.14761750000002,78.2520605,72.4762315,73.5945145,72.21577950000002,80.2259895,71.7599885,71.60245,72.158751
2017-08-07,3,72.6060205,81.254906,72.762685,73.0189855,72.0344245,71.338502,79.3082895,93.4360625,102.9827645,99.7550825,341.9160105,333.9936375,223.4234605,220.1009495,221.490828,221.220325,124.660805,92.5566,90.4941785,88.4197395,86.9601595,87.4072105,71.995313,73.1269245
2017-08-08,3,73.9462995,74.52051750000003,80.9907395,72.619786,72.3927645,72.6016505,72.749138,94.140725,100.6037365,96.6899645,336.968952,250.258975,215.3136145,204.18825,217.5440625,186.840661,108.83485,94.5705145,87.7677355,82.34478399999998,80.9033395,76.155553,72.5378485,78.0919
2017-08-09,3,74.2635615,71.076302,73.998958,73.189634,79.3664105,71.826194,75.9506,89.2404255,95.081149,102.7096395,345.01171850000014,239.49785,186.722234,195.4701,220.5794645,187.1306105,112.6391535,89.4976,92.4925795,86.43881850000002,92.5129,74.4942975,74.803475,76.1745625
2017-08-10,3,71.9959685,81.42926899999998,73.2986655,75.3315895,74.3295485,74.300925,77.088111,95.7613395,92.4838395,98.8386935,339.4980895,246.6972065,235.881675,225.654127,224.1445105,224.473353,126.27115,90.3788105,88.26526,87.0978145,83.0127385,83.0905245,70.61548549999998,75.198086
2017-08-11,3,74.868588,74.83777950000002,81.57675649999999,73.94345899999998,76.070775,73.83136850000002,79.6941605,95.719606,96.5697895,95.210064,336.674851,276.4424855,231.520852,221.0346,229.991352,260.6523645,96.8241235,75.8195,228.79135,84.0351,66.3486175,64.8497075,70.1859145,64.9382
2017-08-15,3,68.355103,68.56901450000001,68.75758,71.898736,73.48155,68.0253865,68.6891895,87.4535325,93.7218605,99.567391,216.325925,218.1427525,218.947925,228.13585,217.068825,213.5874645,97.12325,85.0692605,91.782673,82.8989,81.5833115,72.0431645,75.23829,75.28308249999998
2017-08-16,3,71.70798549999998,70.41949100000002,70.84818800000002,72.7969895,76.5106155,70.29713100000001,72.4399605,91.1413755,107.3199895,129.6760355,257.0287605,268.2889395,260.7629255,266.1039395,260.82192050000003,262.09075,145.9143,124.9018105,130.43029750000002,105.4334605,95.4222275,77.3745645,82.092198,81.8501
2017-08-17,3,77.73705600000002,78.64994899999998,78.1493655,88.51063549999998,78.4801745,80.5463105,77.387019,94.8689855,118.9612325,122.1159355,258.2632855,266.6209105,269.503144,265.1132605,264.818941,262.5970145,144.14204650000005,141.4094855,119.831955,104.6652145,89.811803,84.32636049999998,76.13414,76.7736895
2017-08-18,3,74.842805,73.768659,81.817325,73.4415645,73.357005,73.18635649999997,74.5122145,106.98197,112.057725,123.0629145,255.224606,263.9552105,258.91813,254.3412105,247.2251025,252.3384395,247.658388,255.4520645,250.935888,172.3455895,104.583714,76.0963395,78.7865115,81.65345
2017-08-22,1,90.69935,96.3185145,89.5458885,89.188641,93.2402865,90.1240395,82.997225,171.8198785,265.3099105,265.41763100000003,279.74118,292.779075,286.9658825,294.8002,433.9123765,421.08446,407.3277,406.5767155,382.543245,228.7548605,128.07421200000002,91.8283395,90.00299050000002,99.3119645
2017-08-23,1,95.159809,89.056667,92.657547,95.5354105,88.403352,89.1823045,92.851575,222.9152295,352.64589,285.81985,333.2509560000001,333.5548895,374.2741125,372.136964,377.1382105,387.3364795,340.4192855,338.8653135,334.2977895,204.2610105,117.725178,96.3294395,88.6941755,92.3942545
2017-08-24,2,91.707509,100.7142975,90.9604575,91.3074355,91.296292,99.1384755,88.1391855,223.9172705,329.2609275,273.5036605,285.71497,327.7755645000001,326.7473035,324.925669,354.6073645,370.7492705,344.5707855,336.3875235,302.0034895,198.2232,117.26458,96.4059145,88.8991285,90.3460355
2017-08-25,2,95.3378865,95.5354105,90.1039375,89.57778950000002,98.65275,88.4529515,85.34238549999998,229.747506,298.54092,259.5052395,288.59917,298.0193605,295.7736175,293.7857045,327.8738895,311.320111,316.8177895,295.619138,296.857159,197.3638395,116.372226,93.7764855,85.5560785,87.6938825
2017-08-26,3,82.1736985,90.425788,82.797516,83.2959145,92.3697825,83.695551,80.38615,92.2592215,95.7539105,91.5285575,93.57044,103.4560355,94.1134125,91.2930145,90.7943975,101.0328705,91.6788855,93.7817295,91.3839105,99.50053,89.0678105,81.98884749999998,80.021692,91.461478
2017-08-27,3,83.0044355,81.5265015,81.75155649999998,91.214573,82.644566,81.9958395,79.1640795,89.9308855,79.700497,79.2811955,83.4270145,89.282159,80.855925,80.7822905,82.16321049999998,91.20627,80.97173000000002,80.1530105,79.6465275,89.6761145,82.694384,81.07595450000002,83.3212605,92.4213485
2017-08-28,2,85.4490135,86.2579005,86.916678,95.1735745,87.5129645,85.53859849999998,84.256222,227.2974655,351.9036455,287.2656645,331.1889715,333.004925,334.0891220000001,347.82162850000014,357.3823145,303.344861,335.0734645,309.41348,278.3499905,204.66895,117.65263600000002,92.480125,88.70706700000002,88.91202
2017-08-29,2,97.902858,89.344213,88.607431,97.5967395,87.881137,89.2793185,86.8172605,328.4004745000001,237.498575,284.7205765,302.733498,303.7733395,341.7595645,313.8024895,335.1897065,342.4911025,341.79955,313.7797655,331.443961,146.832,104.048826,94.730675,93.4635935,94.058569
2017-08-30,1,92.7189455,98.5498365,90.6169755,89.426369,98.1429895,89.868176,86.8137645,112.0605655,406.752608,284.5344145,316.3362155,337.5752895,334.0688015,347.44996000000015,358.7588645,368.616492,362.794778,339.986,311.37998,158.598225,104.923263,89.2723265,97.7859605,95.059736
2017-08-31,1,91.5154475,90.14873,98.1871265,91.910277,90.4989855,99.365497,88.9295,105.8040365,408.674097,274.2028605,311.929726,345.9801105,376.0465845,369.809065,387.2656855,393.6096145,382.5061,358.3944065,308.3675205,146.5407395,116.873465,90.672256,90.7174855,104.510298
2017-09-01,1,95.129656,94.1042355,101.5834905,93.2957855,91.622731,101.7866955,90.96155,112.957945,440.1855115,285.4047,310.2230225,344.978725,352.1951245,361.4547175,381.927075,371.334195,363.2525355,350.506338,317.2536970000001,148.6964605,109.8493455,98.4816645,87.8630015,92.106927
2017-09-02,3,88.020977,97.6295145,83.5253395,80.717833,81.8865895,86.745374,83.575376,89.9601645,91.6937435,94.4756855,98.2644755,93.2267395,92.646185,96.8485955,97.2143645,92.7158865,92.9571105,101.264262,94.300667,91.4276105,88.996798,87.6003645,82.812811,81.234367
2017-09-03,3,80.07653549999998,85.843406,85.32862,79.784838,80.802611,79.6613855,88.04435649999998,80.9361145,79.8414295,79.7378605,90.5901,81.2315265,81.4386645,79.6447795,89.4283355,81.661753,81.8009375,81.555125,92.606855,82.953525,82.5997735,84.1524345,93.3869,83.6376485
2017-09-04,1,88.339113,87.19810600000002,95.396663,87.621122,88.7802645,89.37218100000004,94.2172,117.1983745,592.146799,351.4063395,397.798041,442.136061,428.576825,441.490612,435.131825,451.359383,456.3339725,420.76916449999993,398.953469,156.6607855,113.3261175,92.225791,99.603225,91.811952
2017-09-05,1,92.7014655,91.0994235,99.428425,90.6528095,90.8123145,90.4443605,91.8681065,119.5013645,499.4387785,321.6802885,377.4806,400.323901,404.6438645,420.33915650000006,422.7138145,438.4493105,448.160106,421.896406,369.756625,169.887683,121.3839605,99.7437205,101.7325075,100.1422645
2017-09-06,1,97.692661,99.9058475,106.0089895,95.794333,95.1639605,102.628576,93.170148,117.279875,506.306889,330.0916645,369.999597,401.0569685,446.340875,408.6944175,453.0014105,492.568483,453.429889,453.4493355,404.6477975,172.774505,139.0971,103.334331,101.9265355,110.461364
2017-09-07,1,99.6672455,98.435124,108.4771655,99.179772,98.142334,107.9973395,96.4592285,121.1047175,530.0847144999998,328.90346150000005,422.7719355,430.1921955,444.980494,469.829625,488.072627,408.00505,359.188217,339.1637845,309.4578355,177.15674099999995,125.6954025,102.7424145,109.523125,102.09631
2017-09-08,1,103.6710395,105.057422,104.0497,100.545397,99.1153145,108.0773105,97.5853775,122.3213255,444.50918949999993,395.6844905,381.6939355,407.918087,404.0443005,393.4383105,452.211533,415.83609,395.911075,380.5708455,321.6470765,162.32365,134.726226,99.428425,99.0279145,104.8924545
2017-09-09,0,102.639501,96.2337365,95.361703,103.963174,95.408025,95.0643245,99.9783895,108.0838655,107.970901,110.0110355,119.31411,109.785325,110.252478,118.681334,107.8516,106.9459175,115.6302,110.4480355,107.294862,105.4443855,113.3859865,94.6469895,94.4315485,103.465431
2017-09-10,0,96.661341,94.537084,94.749466,101.894853,92.3186535,92.9936,91.6207645,97.2834105,92.4545605,91.738973,93.550775,97.2777295,98.318445,92.53475,91.9882815,92.53475,99.293392,93.810353,95.266,92.6485885,99.04605,90.9397,93.8756845,91.6570355
2017-09-11,1,104.086408,95.6957895,97.3721215,96.6287845,99.231775,103.7593135,97.2558795,128.7544025,497.7305455,335.342875,368.1364475,388.0981705,416.231575,402.5764175,432.25855,471.1994015,460.3985095,451.737825,385.936113,173.019225,126.77785149999998,119.3457925,109.6797895,109.462819
2017-09-12,1,114.3880275,104.563612,103.0155395,103.4669605,113.1473845,103.496458,103.4416145,130.5211935,430.52868550000005,320.4116775,327.9420615,407.841175,407.85647,410.5905605,437.8143495,450.735784,449.5674645,424.840038,337.34215,172.166201,140.938181,111.8245855,109.500401,121.6269325
2017-09-13,1,109.49909,109.053787,114.0371165,109.5996,105.4867745,105.6336065,115.116725,134.2466185,410.2993,327.014092,389.7603,401.7054765,425.29561050000007,447.5083205,453.2701655,525.1719605000002,480.0967215,455.1392145,385.869689,166.049075,131.0088855,122.6875315,111.5261145,113.37833899999998
2017-09-14,1,121.4193575,109.3481065,109.0671155,117.56611,107.593333,105.9578605,113.706963,131.5079395,417.0572865,364.362297,383.3436105,381.134794,404.9679,401.5660735,432.40778550000016,448.2420435,434.884483,393.3836855,329.2137315,169.1664145,133.446253,122.5057395,110.7600535,109.884961
2017-09-19,1,113.796111,103.9035235,99.6213605,98.3785325,98.6922985,107.3121235,99.3993645,132.3780065,244.9968395,409.216414,337.117095,382.5897855,387.2241705,380.21185,395.7631505,426.17551,413.4603395,402.7971025,297.3520615000001,178.63139750000005,142.784069,127.8662,108.717734,105.079709
2017-09-20,1,109.8982895,106.0304025,101.19172,101.991867,109.3773855,100.9236205,105.5208605,138.722591,217.38455750000003,440.721492,367.6553105,410.540524,412.2376135,418.62415,439.93511050000006,483.433872,457.9687895,431.766488,330.5443965,184.424925,147.50978700000005,116.855111,108.4561895,107.487142
2017-09-21,1,113.526919,102.840958,103.198861,105.2949315,108.0637635,108.8044785,108.539875,143.960036,229.3413145,481.091552,390.3679485,409.348825,412.4832075,408.7031575,459.210525,474.97967,445.753547,426.7595605,324.26274,181.5033615,137.1743,115.1877375,98.6892395,100.47504
2017-09-22,1,109.6242905,100.0815215,99.455519,102.08757,104.855091,100.6046105,102.3770825,144.70730600000005,207.3855605,411.3426375,349.2504,380.1172395,352.074731,401.5411645,409.1807985,415.1794975,404.082975,373.9769525,288.256125,170.311136,128.3204615,102.14875,111.6235655,105.1384855
2017-09-23,0,100.0487465,102.8857505,92.7167605,91.8912675,92.9933815,99.8108,91.5241875,100.979775,111.6135145,101.581524,105.0038895,107.4392905,115.4106075,110.768575,106.06230349999998,115.466325,106.90789850000002,104.8435105,114.070547,105.0388495,103.2047605,100.520488,97.461925,95.1906175
2017-09-24,0,93.2831125,101.2028635,92.0826735,90.4989855,99.6458325,90.552081,90.4627145,95.442548,93.1100605,91.362716,92.212681,98.1976145,90.1856565,91.562425,100.458434,92.282601,92.1486605,101.447802,91.234238,93.7839145,105.446789,98.3212855,95.8736485,104.364777
2017-09-25,1,102.178903,97.5893105,98.0612705,103.1829105,96.583992,98.433376,108.168425,142.5854525,219.6106355,548.3596175,372.169739,442.30583550000006,459.557066,453.83913949999993,480.917189,487.352451,504.48001050000005,473.9507535,363.9202715,182.1780895,131.1513475,104.694275,112.251316,109.222469
2017-09-26,1,104.4912885,111.194213,101.2421935,100.673875,102.007162,106.9730115,100.9725645,139.3507785,220.7909725,456.8251605,407.980141,404.5311185,416.6176645,453.3195465,463.2162855,480.329424,470.4669895,439.5820145,360.6344685,171.0787265,141.7774395,112.3371865,110.25073,115.5827855
2017-09-27,1,107.9296045,105.4299645,111.577462,101.7591645,101.7478025,110.4515315,104.109569,145.6995145,224.06169900000003,465.430783,420.863775,446.9891645,434.651125,447.0145105,476.271005,491.037235,509.65125,484.831398,382.4416425,174.2500355,141.68960249999995,114.6251,113.14519950000002,122.751552
2017-09-28,1,115.6714965,110.142791,108.1546595,112.84214,103.5652855,106.213724,113.6529935,145.7357855,225.495059,542.5973355000001,441.316249,480.0525845,481.68325,520.0649599999998,549.098366,581.05705,565.3868855000002,509.04469400000005,401.27525,182.23774,134.1153,120.478278,113.5376255,117.345425
2017-10-10,1,113.565375,110.94927450000002,101.239353,109.546723,102.703303,98.5397855,98.1491075,139.7869045,219.0608895,547.751095,446.29936,487.917492,459.8732355,520.789069,498.102214,541.366525,550.8385,521.7222825,457.45990300000005,188.052025,136.3892295,117.335374,111.108998,116.39495
2017-10-11,1,113.6722215,113.183874,112.848258,109.5089225,109.042425,111.886858,107.793916,135.01115,227.762215,471.8085795,412.5802215,423.55853550000006,435.401017,465.1133025,467.9323895,536.4670995,528.7169044999998,495.106142,403.8087575,189.3339645,145.748677,112.513953,116.309735,109.9782605
2017-10-12,1,113.3833645,117.047391,102.854505,102.5247885,109.9564105,101.971765,100.773074,138.0410895,224.9582045,555.3396,345.854473,373.8969815,376.0784855,360.5090495,379.6592635,374.0328885,390.417111,368.863834,333.2961855,197.184014,143.1762765,124.36146,111.85015,109.488165
2017-10-13,1,119.87237749999998,111.4776075,115.4267765,109.1453385,107.2688605,117.6484845,105.0510855,146.0609135,198.07462,350.5030605,390.5506145,381.1105405,375.71075,372.811692,374.552263,394.565989,375.6015,367.1833505,329.78205,173.7949,134.4594375,109.291515,106.6898355,107.1062965
2017-10-14,0,103.013136,109.0343405,98.7429905,98.0909865,105.4081145,97.451874,98.6774405,115.9760855,107.2400185,111.691956,117.7278,110.8924645,118.2522,114.272878,117.736103,120.4372,114.2451285,121.0090145,114.3797245,112.2279365,118.6745605,96.4391265,106.0089895,99.765352
2017-10-15,0,103.030616,108.432373,103.7400855,109.9647135,105.81955,100.336948,108.233975,105.0143775,104.7102255,105.9288,105.904328,109.815915,105.8414,112.43573,101.49325,105.475194,108.400909,107.9243605,112.452773,111.4470175,112.72415,104.324136,101.0708895,111.4933395
2017-10-16,1,107.838927,115.4744095,112.284091,109.9529145,116.698665,107.505933,115.5428,144.7311225,209.604428,371.7740355,383.0988905,401.1622855,389.322863,377.6739725,389.0866645,394.071305,395.245087,383.2964145,349.7815735,194.957936,143.91873950000004,115.0946565,105.0183105,104.4510845
2017-10-17,1,113.3064525,109.0518205,108.801201,111.065735,117.0358105,108.111178,109.195375,135.927976,233.5255895,338.7224145,376.638064,393.3404225,375.3757895,387.440267,380.6014355,386.6381535,396.390901,376.6356605,344.081564,188.312477,136.3730605,120.4116355,102.291212,102.5929605
2017-10-18,1,110.591153,101.363024,104.4921625,112.846947,101.8465645,105.646498,112.654667,135.3535395,241.443811,345.038594,368.008625,374.5380605,381.4951005,366.195075,493.0393505,423.4816235,410.2993,380.8085735,335.5550385,199.1262605,148.264923,116.7360285,104.6979895,108.1341205
2017-10-19,1,105.8704605,100.315972,100.500823,107.5428595,103.132,101.61998,102.177592,135.1468385,342.3167395,372.762748,391.7532385,378.7042,390.973412,371.077676,406.1003855,431.16605,399.525939,393.6349605,332.77113,197.4542985,151.3368145,105.794641,100.4962345,111.28205
2017-10-20,1,103.248242,105.052178,105.495733,101.0708895,105.9250855,104.6944935,99.8730725,143.5108,331.7452725,378.308278,417.6409,425.266987,375.021164,446.94175,455.24453150000005,440.26089400000006,444.8150895,400.5203325,339.251403,185.8488895,129.48091499999998,106.984592,101.1508605,102.378175
2017-10-21,0,103.4805075,99.010216,97.6212115,98.5450295,101.2601105,97.940877,98.0984155,108.9622355,266.5435615,177.6079435,213.682075,135.501901,109.7226155,108.3323,113.2129345,111.1782625,109.8108895,108.1437345,116.318475,106.0649255,105.365944,98.0590855,102.3687795,95.3824605
2017-10-22,0,95.0730645,97.737672,95.9225925,93.617636,93.695859,97.1597395,93.540724,92.379615,93.3831855,96.08319,94.3847895,99.1406605,99.0663705,101.4021355,96.4810785,99.7345435,97.4437895,97.956172,95.7499775,97.6404395,100.7378955,95.543495,95.72485,95.5091905
2017-10-23,1,103.6006825,100.0002395,99.118155,98.729225,102.4806515,100.7759145,98.0612705,127.836484,412.0182395,275.459017,309.3909745,366.850575,359.104313,355.74793450000016,407.185675,441.376992,451.9718385,421.2389395,361.518738,184.136505,132.9535355,112.0251685,101.7578535,104.411973
2017-10-24,1,104.650575,110.4751295,97.6653485,97.2641825,102.837025,105.552106,98.4654955,136.6352605,400.999066,301.2286885,375.229176,396.8434145,384.9902265,444.15674900000016,444.1668,485.9831115,507.4712755,469.47631050000007,350.82622200000014,193.272427,141.9522395,119.035741,105.9644155,106.464125
2017-10-25,1,114.73129099999998,105.8691495,103.122386,111.6834345,103.4053435,104.9418355,112.2829985,143.8763505,418.58045,296.82788,401.155949,423.7224105,403.373287,430.9123715,441.9527395,453.762883,465.307986,422.7990295,333.4093685,198.7657355,149.1566215,122.1399705,108.9696645,107.9912215
2017-10-26,1,116.7351545,109.210233,106.516128,111.126915,99.452023,99.984289,106.2637605,135.502775,412.4552395,313.8160365,382.66779,364.5880075,402.19295,444.615162,486.5245545,495.3204905,507.29145,461.8733845,243.4175215,181.2713145,139.681806,124.5268645,109.6400225,108.874617
2017-10-27,1,118.5360315,108.1061525,101.5214365,106.874031,101.0997315,98.689895,101.9754795,142.5129105,418.8581635,366.2070925,397.273641,422.6954605,438.1582685,489.18217,488.3450965,533.469498,524.1996355,461.51154850000006,232.02777200000003,151.3586645,136.1991345,107.6621605,109.3009105,112.9271365
2017-10-31,1,100.784436,101.3260975,107.2889625,98.5616355,96.997394,99.205992,113.4707645,376.7720045,346.59256600000015,351.6064855,378.7843895,404.6792615,453.3510105,428.972747,473.809384,485.5944,425.724089,256.2421605,205.97121,157.75110049999995,122.7133145,111.2442495,99.9856,103.83557
2017-11-01,0,105.5523245,98.40366,99.0008205,107.9099395,97.1217205,91.4896645,106.652035,102.793325,110.668939,115.5565655,126.7664895,123.5742045,118.0409105,124.764811,118.393351,118.0081355,130.9140565,117.5038375,111.314825,116.86887649999998,100.0439395,97.7964485,106.721081,94.2318395
2017-11-02,2,93.751795,99.1227435,98.891352,96.259738,95.2277625,98.4742355,100.8078155,470.08461449999993,301.9270145,328.012637,353.2124605,407.309783,415.717663,362.12005,424.428384,432.9125205,342.7463105,252.006101,198.3068855,164.06728,131.1845595,106.420425,103.6522485,104.7622285
2017-11-03,2,103.624499,95.8177125,96.611523,104.9711145,96.4928775,91.375826,102.2324355,385.1978015,274.42332700000003,325.6705355,368.9344095,363.8499145,360.3530405,391.223813,403.0632355,370.7121255,302.730439,228.845975,202.1891935,154.631576,110.1639855,103.278395,103.4997355,91.1654105
2017-11-04,0,91.9279755,101.066301,102.242705,91.803212,94.7317675,93.6200395,105.759244,254.799405,151.1729395,173.756444,133.5399895,118.0811145,112.2353655,106.6133605,106.0422015,110.2260395,104.2976975,109.336526,107.1596105,104.520786,96.2564605,106.101852,100.5163365,96.2966645
2017-11-05,0,92.020838,98.123106,93.7310375,96.3075895,97.5338115,98.1342495,92.40365,94.1204045,95.9505605,95.901835,90.378155,91.343925,101.9462005,93.638175,91.9327825,91.5831825,100.0692855,96.8424775,97.2034395,95.4554395,98.9951395,93.3941105,100.7016245,99.9949955
2017-11-06,2,105.677525,102.920055,100.5674655,98.8675355,101.522092,93.729508,108.7983605,348.2538215,235.3426355,296.316153,295.885708,308.1287,342.938809,335.5681485,377.2111895,391.371519,302.1599355,241.737475,219.009105,171.4825145,127.639397,110.284816,103.2631,97.0941895
2017-11-07,2,103.0714755,106.8978475,101.03003,100.2226725,96.163598,99.169284,112.9208,317.3539885,218.375892,292.8374145,320.2193975,315.503075,367.9476635,335.9201520000001,366.1695105,364.915539,324.476433,253.3544645,212.7619715,178.60627,136.9302355,113.048841,106.809355,109.8397315
2017-11-08,2,110.2706135,100.185309,100.7016245,106.2410365,97.563309,101.5625145,117.602381,312.8511405,228.2086105,286.552262,327.912127,319.5162645,331.051098,350.4851435,365.211825,371.828005,342.2035565,261.5882,216.8260715,174.7604515,148.080509,118.1466645,111.700259,106.641984
2017-11-09,2,113.03005,101.054939,99.954573,99.9674645,98.903588,102.4330185,116.4240105,294.9011470000001,234.7854605,292.8087910000001,326.6795685,325.8272,345.3875385,365.211825,364.9992245,361.713203,332.1368245,257.9595705,229.3850145,195.423341,131.4852155,114.8473145,116.85817,104.6119005
2017-11-10,2,101.1364395,109.70885,100.410801,100.009198,105.6480275,97.658575,115.333914,283.4681345,232.9063605,284.7262575000001,315.445828,330.3652265,336.3879605,370.7606325,386.6844755,364.5600395,384.802972,284.8682825,218.1357605,186.1106525,134.896656,110.124,111.7354375,107.3151825
2017-11-11,0,106.425669,107.09122,103.7247905,109.4975605,107.3370325,104.2644855,104.425083,117.8534375,280.0333145,185.246922,208.4562105,192.167691,206.3878895,163.6724505,123.9150645,122.13276,118.3249605,119.9160775,116.79262,114.636025,111.0261865,107.4218105,104.3488265,105.1384855
2017-11-12,0,105.482186,462.5109675,105.2704595,105.9469355,105.4220985,108.8228325,104.8400145,106.11671,107.3344105,109.6360895,105.9871395,105.67097,110.375275,106.113651,106.0391425,106.726325,109.95794,111.4277895,111.166245,112.4401,116.7487015,112.1523355,110.83281399999998,109.260925
2017-11-13,2,111.01482450000002,110.1036795,109.8008385,112.0391525,108.0956645,110.1814655,109.807175,146.57832150000004,377.72095,278.2219495,311.52419,363.3071605,360.49856150000005,366.6248645,383.501586,394.1882025,385.1243855,303.4058225,219.6871105,197.957067,164.2973605,119.27478,106.223775,111.3303385
2017-11-14,2,110.655392,105.284225,103.888447,102.733456,98.081591,98.925875,97.494263,138.6563855,312.9125390000001,271.087706,296.712075,334.3978625,345.8162355,320.112114,333.6785605,376.6990255,369.4835,295.161162,239.167915,188.84955,153.2980705,127.0359,108.5322275,113.9086385
2017-11-15,2,109.9673355,104.481019,110.844176,103.397259,102.695874,111.5370395,106.998139,140.593825,314.563962,283.796977,309.5526645,322.177376,341.4208895,335.9802395,372.5169355,353.2163935,378.1306375,274.7928105,231.1880765,190.4810895,154.085763,116.6862105,102.4033025,101.65931
2017-11-16,2,103.0627355,100.5849455,101.9413935,99.7769325,100.7868395,102.439355,101.3403,139.718514,316.54095,260.836123,309.0645355,343.925555,331.6661755,376.1768105,363.1751865,375.8674145,364.0985675,310.1679605,221.687041,180.3134105,139.902928,107.3999605,104.3894675,101.4196155
2017-11-17,2,102.6257355,99.258869,99.2783155,103.0557435,97.068625,100.4070865,107.1998145,132.91398700000002,305.7105605,244.2486955,278.4127,321.162225,333.527577,322.96485,360.1126905,358.1579895,262.25309550000003,238.197775,202.8031785,170.17501049999996,130.9944645,114.1472405,104.650575,104.9916535
2017-11-18,0,105.202506,104.392745,101.52384,104.410225,102.102865,99.8691395,103.8829845,110.207467,121.5259855,285.646798,170.7942395,183.4366495,174.0171145,122.480175,110.7430105,116.689051,116.3986645,114.453359,118.5508895,114.0594035,113.1722935,103.132,106.379784,103.8165605
2017-11-19,0,105.5968985,105.939725,101.8386985,99.7494015,102.618525,102.8988605,101.4095645,103.065139,101.3038105,102.767105,102.5715475,103.9223145,101.9920855,100.3314855,103.5740255,104.9090605,104.874319,103.863975,104.2636115,105.4081145,104.9593155,98.338984,102.705925,100.432651
2017-11-20,2,103.8312,104.9986455,99.281156,100.2370935,103.8749,102.816486,105.766236,142.52492800000005,176.26395,220.422363,247.7971355,240.360925,249.3056595,241.650075,253.342447,275.005848,555.7291855000002,272.0541315,221.7628605,180.501976,148.0191105,106.9349925,106.2965355,103.811098
2017-11-21,2,107.414163,99.4229625,98.7425535,102.1231855,98.3527495,105.3438755,102.7387,143.98756699999996,184.672267,213.5983895,236.822099,479.7532395,383.9602175,347.7635075,393.9517855,405.440734,337.08869,273.004825,234.09805950000003,188.949186,151.2894,109.404698,112.3052855,105.3993745
2017-11-22,2,108.6327375,104.4091325,106.3918015,107.547885,102.1979125,110.2513855,107.892678,152.75335,193.5580065,224.88653650000003,419.8696,341.7643715,321.056908,330.26275,368.3833525,345.760081,341.0638605,269.4885045,224.4869,178.002336,141.031262,118.481625,110.0927545,113.1425775
2017-11-23,2,110.464423,112.723713,109.41977450000002,112.5465095,108.4426425,112.4582355,110.053206,137.4546355,187.9128405,209.6243115,411.0603355,381.348924,333.1688,343.50385,346.684336,370.4521105,315.733374,263.0702855,227.2109395,176.0028425,144.251078,110.5319395,105.128216,114.238355
2017-11-24,2,105.3569855,109.1575745,101.3802855,104.8583685,101.13928,99.3447395,106.265727,137.1343145,177.1067045,214.5597895,408.6730045,377.531292,331.2750605,352.5582715,359.856827,352.975825,315.5579185,244.2246605,199.542503,159.2355895,133.9748045,111.6135145,105.6143785,108.67316
2017-11-25,0,102.8079645,103.70447,100.333889,100.280575,103.3424155,100.433525,101.734037,108.1210105,113.569308,124.031525,124.9166685,123.86765,118.3647275,115.3533605,114.10944,118.1501605,117.6580985,113.29225,116.126195,112.2834355,109.420867,102.1716925,99.52675,99.998273
2017-11-26,0,102.9572,99.8752575,100.179191,103.6526855,99.5309015,100.1641145,99.383414,97.817206,97.64765,99.941026,100.0548645,100.4293735,106.267475,102.4504985,101.241975,101.9313425,107.949925,100.3633865,104.98925,107.3427135,106.0561855,104.4445295,103.8312,101.0158275
2017-11-27,2,99.21211,101.2456895,98.958213,98.990988,100.062075,98.596814,103.929525,139.310356,176.1400605,212.2327645,409.969802,319.7865490000001,327.3822645,309.6693435,318.649475,349.273561,317.491425,267.6308175,221.8358395,193.7258145,153.40885,123.3727475,107.7351395,106.44730049999998
2017-11-28,2,98.250273,95.269059,481.8455955,94.8742295,98.2413145,96.8997245,102.2652105,134.8632255,173.3142,208.0703395,389.6254855,298.8667035,324.8913645,294.5303525,315.8782395,338.056208,310.312389,268.64575,223.8460395,186.151075,150.2901995,115.3315105,108.833539,107.3090645
2017-11-29,2,103.0588025,108.020719,101.3387705,104.4139395,98.8867635,103.645475,111.5256775,130.9979605,173.0871785,212.7606605,364.3856765,276.8357855,313.962213,316.7813,303.289799,280.88939750000003,248.0593355,247.169385,224.3704395,188.1326515,151.22385,116.1063115,114.220875,110.073308
2017-11-30,2,114.102011,101.1617855,104.18517,105.7977,105.252324,112.1960355,109.174836,129.789,177.84239399999996,221.89549,241.0092145,260.732991,376.4792145,292.2009240000001,326.7739605,290.4041985,251.954098,241.2093605,208.1625465,180.4373,146.011751,116.4532895,110.5004755,108.3639825
2017-12-01,0,108.2390005,102.1581455,102.1231855,104.226685,101.9108035,104.563175,97.6258,103.63455,111.565663,113.3685065,118.5216105,127.49038,130.7322645,126.44376499999998,122.951698,123.0082895,123.5073435,123.1323975,117.66225,108.15313,108.330115,97.1304605,99.5977625,104.174245
2017-12-02,0,95.1757595,96.458136,97.8842855,96.084938,94.839925,94.54495,96.2769995,101.2360755,101.067175,104.137537,106.8318605,103.126756,103.865723,107.5166395,103.8891025,105.22457450000002,109.3301895,102.9259545,102.087133,104.85815,101.95647,94.730675,98.420703,97.853477
2017-12-03,0,95.0184395,96.020262,99.096305,95.999723,96.0563145,97.3756175,97.9244895,95.998412,97.2794775,96.3657105,100.4201965,99.591863,97.3489605,102.577447,101.6861855,101.5179405,99.983415,101.2675395,104.3182365,98.93243,97.3126895,100.6797745,96.871975,97.281444
2017-12-04,2,100.7610565,103.5032315,100.850423,99.865425,99.4260215,104.0497,105.0475895,133.94093700000002,168.8858605,219.318501,254.572602,280.280875,385.7615315,316.9742355,317.220485,309.039845,274.9422645,272.75595350000003,225.612612,201.2312895,167.437424,121.5334145,122.270852,119.562763
2017-12-05,2,121.6107635,113.7089295,113.6870795,116.96305,114.406163,116.44367549999998,113.7146105,158.3799435,203.9042,230.372853,253.4916825,274.5415355,267.3515745,262.0713035,271.781225,272.0261635,265.082015,255.3428145,231.3082515,200.226408,163.7620355,128.8321885,117.0113385,122.271726
2017-12-06,2,116.46924,111.7467995,110.364787,107.3383435,106.9791295,111.295597,113.307108,145.504831,191.2589495,231.2103635,278.570894,284.758377,272.0973945,281.7284375,270.2191685,292.2964085,275.442848,271.940293,229.3509285,201.530853,156.239299,117.472155,123.653083,113.5267005
2017-12-07,2,118.786214,112.779649,113.0560515,111.0851815,109.690059,109.414312,116.505074,150.033462,209.3385135,231.658944,266.5479315,271.3287115,263.035981,259.220534,265.1753145,274.7856,257.287683,245.3136645,206.3896375,174.570575,141.27532649999995,116.6280895,105.2909985,108.9478145
2017-12-08,0,101.0429215,100.1955785,103.1890285,98.6818105,101.9505705,98.7582855,104.3846605,107.08685,112.1462175,119.14805,124.153885,126.3766855,125.0678705,123.3613855,128.1469725,125.1858605,126.498827,121.7121475,127.7788,120.59452,119.639675,109.707976,107.9973395,108.329241
2017-12-09,0,102.973369,105.4880855,106.8043295,103.032801,105.0838605,104.8089875,102.9644105,115.2733895,114.4321645,120.11447549999998,120.2259105,121.2567935,123.244925,122.489789,124.545,120.9246735,121.9667,120.6480525,115.3533605,119.98709,115.930856,108.474325,108.137835,103.5727145
2017-12-10,0,105.412703,103.0653575,102.115975,103.9035235,104.2325845,106.201925,101.7185235,103.601775,108.400472,109.2353605,106.773084,102.1450355,104.775994,107.0250145,108.0078275,114.0388645,106.249995,109.020575,109.04919850000002,109.7234895,109.8139485,107.0612855,110.148909,107.1524
2017-12-11,2,110.590716,105.8494845,109.0387105,106.158225,107.3540755,105.960701,113.9842395,150.2635425,185.3244895,217.441149,265.7976025,277.5896105,282.596975,265.313625,284.776731,277.8883,271.6538395,249.23858,215.024102,174.7381645,149.2453325,109.5596145,102.743944,106.275341
2017-12-12,2,104.2876465,101.577591,106.529675,100.891064,98.56098,106.1947145,110.922399,147.3308355,185.806719,235.718674,257.8372105,282.3719200000001,260.82345,271.84896000000003,268.7176365,278.6821105,279.60789500000004,263.2258575,226.8757605,187.8770065,148.7985,116.97178999999998,107.3344105,105.1422
2017-12-13,2,106.4892525,107.2885255,105.091945,105.12035,105.3338245,103.5836395,111.6972,149.27417450000004,201.511625,235.199081,268.1386115,290.1280145,268.83366,267.4804895,278.7188185,296.8272245,277.4113145,274.86622650000004,221.8747325,189.0424855,152.2322275,117.8879605,111.295597,102.58575
2017-12-14,2,112.6002605,107.693406,101.6381155,106.123265,97.3563895,103.562445,112.83012250000002,143.2632395,193.495297,227.1161105,253.0857095,263.31435,254.861022,261.561106,268.9298,273.520485,257.4631385,255.524825,206.1283115,187.577006,150.9835,123.8600025,113.4545955,114.136097
2017-12-15,2,111.9119855,111.4937765,108.0445355,109.19406399999998,110.593775,113.342505,117.9714275,149.705275,177.2035,209.7344355,245.6051435,246.2204395,248.6130145,235.3011205,250.86618650000003,242.7244395,246.3353705,228.5363605,206.1029655,167.99263249999996,141.5952105,109.9009115,106.6133605,106.9922395
2017-12-16,0,103.1877175,104.572789,100.2423375,101.906215,98.226675,98.212691,101.3365855,110.6857635,116.8902895,127.990308,131.688202,136.5188,131.928115,128.3689685,114.832675,118.6430965,116.6425105,117.477836,115.6382845,113.346875,113.762025,102.149187,105.655675,103.645912
2017-12-17,0,103.9013385,102.795947,99.5750385,102.58575,100.7064315,100.457123,102.8988605,99.9128395,100.6177205,103.4197645,102.14438,102.80425,106.4486115,105.881167,107.8116145,105.7135775,104.7521775,108.1721395,101.5135705,103.15385,104.161572,98.790842,99.2464145,98.73141
2017-12-18,2,103.3432895,99.2381115,99.0021315,99.548163,102.0576355,99.8940485,104.2245,147.235788,174.692498,215.2406355,256.49562050000003,277.75982200000004,256.473989,247.2111185,249.7002705,270.8089,259.8911105,253.10930750000003,213.637064,178.6602395,154.884162,127.9245395,119.739311,116.8199325
2017-12-19,2,117.3858475,111.85976399999998,111.564789,112.3564145,112.3100925,114.0607145,115.31119,151.617587,183.419825,212.549808,239.5452645,258.714925,244.8679245,246.0312185,241.169375,262.28281150000004,248.6165105,250.785123,200.107981,172.6187145,139.26753,123.5890625,113.543525,112.625825
2017-12-20,2,111.3569955,108.648251,108.5562625,110.4663895,107.734484,112.11650149999998,113.8822,144.60832549999995,177.039625,216.437797,247.344185,249.63625,238.9662395,231.8759145,233.303812,241.7905705,241.3551,230.105409,201.8138105,169.9482075,154.113731,127.1379395,121.6540265,118.350088
2017-12-21,2,113.2955275,112.3079075,108.5108145,112.66297,108.111615,109.9856895,114.4570735,142.35275,174.6852875,199.195525,223.841451,242.231722,224.3411605,217.143552,227.3236855,229.4754735,223.0895925,205.837925,177.258999,146.4485325,129.6323355,101.0625865,101.479703,97.47285
2017-12-22,0,96.6161115,94.337812,92.512026,99.5147325,92.2507,96.4395635,100.7138605,136.428778,149.466673,171.3658355,184.350635,180.3243355,179.333001,166.487386,176.8501855,175.56038,168.3308705,155.72495,140.0866865,128.16488950000002,108.7022205,97.961416,89.78165,92.2544145
2017-12-23,3,89.612094,92.1351135,91.706198,88.3301545,88.274,86.7783675,88.36577,96.1144355,92.6101325,92.4873355,99.568265,94.3511405,95.3715355,92.84065,97.340002,91.7846395,91.2956365,93.058276,92.1997895,91.2986955,91.0708,85.78288149999999,82.6976615,83.1464605
2017-12-24,3,83.2771235,87.0117255,82.561536,82.82460999999998,85.4516355,83.4711515,84.2066225,81.948425,86.003785,84.4028355,81.9101875,81.3525755,88.47786049999998,81.5837485,81.9119355,82.5005745,89.858125,82.59299999999998,83.22643149999998,87.7196655,83.172025,81.7345135,82.9498105,90.670508
2017-12-25,3,84.418786,85.3546215,86.5402025,86.1250525,84.4574605,83.70494649999998,90.3534645,96.5466285,106.220716,106.2528355,110.954737,108.66005,107.5406745,109.8021495,107.7386355,107.77731,107.5894,109.543227,93.317417,93.026375,94.8117385,81.8101145,82.470203,80.9662675
2017-12-26,3,86.690749,82.6006475,82.276175,86.6433345,84.17494,82.298025,86.26270749999998,104.3156145,109.3166425,114.7380645,121.4425185,116.236756,121.234725,118.93392,112.99509,117.6148355,129.0620505,124.184475,110.204408,102.9508635,95.735775,89.0984005,87.2031315,85.9179145
2017-12-27,3,92.0800515,84.691474,86.5913315,93.4268855,84.324394,84.469915,96.8647645,118.732026,137.7823855,150.15298149999995,161.9047855,164.074709,158.86261000000005,161.3987395,158.988466,158.1924705,163.6746355,150.697702,123.7245325,112.5530645,103.6046155,84.701525,83.2430375,88.221997
2017-12-28,3,83.5288355,81.366778,80.075006,82.071659,78.37595,80.23167049999998,83.7001395,111.287294,130.4080105,129.490092,131.3584855,135.372549,128.2872495,128.0556395,138.89608,138.7839895,147.766306,141.3426245,115.444475,99.557777,95.1202605,82.605673,78.8691045,80.12395
2017-12-29,3,86.21332650000002,78.18039250000002,78.0868745,76.69524799999998,84.0715895,77.1704855,81.4858605,105.7966075,119.20049,126.1874645,133.491701,141.022959,142.451075,139.546336,148.4963145,144.41364199999995,139.842622,132.990025,121.653808,107.8260355,97.173942,82.35265,82.5967145,81.2411405
2017-12-30,3,80.203047,78.496562,79.258253,81.030725,80.8583285,78.7174655,78.5981645,89.9247675,87.607575,89.063659,90.1275355,88.626222,89.334599,87.9681,91.553248,89.8482925,88.99133549999998,91.8790315,89.7744395,88.2479985,88.4695575,82.6294895,79.15599499999998,78.8131685
2017-12-31,3,83.4453685,80.222712,81.08535,80.431598,81.9158685,78.3940855,83.4178375,87.8188645,83.84915649999998,81.91390200000002,80.4152105,86.460887,82.4935825,80.899625,83.30290649999998,79.94915,79.3782095,80.135312,82.166925,78.670051,79.96291550000002,81.0125895,80.4877525,79.176097
